candidate_id,job_role,fit_score_weighted_heuristic,fit_score_embedding_similarity,fit_score_supervised_ranker
R0,Software Engineer,0.6231,0.3264,0.9574
R1,Data Scientist,0.4212,0.0635,0.7854
R2,ML Engineer,0.4818,0.3455,0.5986
R3,Data Scientist,0.6336,0.3007,0.9689
R4,Data Analyst,0.6376,0.4294,0.9324
R5,Data Analyst,0.4188,0.0563,0.7857
R6,ML Engineer,0.2488,0.0465,0.1517
R7,Frontend Developer,0.5426,0.2279,0.9132
R8,ML Engineer,0.5632,0.2229,0.9384
R9,Data Analyst,0.5814,0.2776,0.9374
R10,Data Scientist,0.4956,0.1868,0.8596
R11,Software Engineer,0.5637,0.2243,0.9384
R12,Backend Developer,0.4887,0.1518,0.8702
R13,Software Engineer,0.6206,0.3189,0.9575
R14,Software Engineer,0.5881,0.2444,0.9531
R15,Data Analyst,0.5524,0.2288,0.9249
R16,Frontend Developer,0.7014,0.3709,0.9846
R17,Software Engineer,0.6347,0.304,0.9688
R18,ML Engineer,0.372,0.0661,0.5961
R19,Data Analyst,0.6009,0.4443,0.8657
R20,Backend Developer,0.7014,0.3708,0.9846
R21,Software Engineer,0.5998,0.2994,0.9471
R22,Frontend Developer,0.4832,0.1352,0.8708
R23,Backend Developer,0.6391,0.3174,0.9687
R24,Data Analyst,0.3246,0.0737,0.3727
R25,Data Scientist,0.6384,0.3151,0.9687
R26,ML Engineer,0.5033,0.15,0.8962
R27,Backend Developer,0.3468,0.2404,0.2176
R28,Frontend Developer,0.4871,0.1279,0.8824
R29,Frontend Developer,0.7313,0.394,0.9892
R30,ML Engineer,0.4625,0.2875,0.603
R31,ML Engineer,0.3524,0.0447,0.5422
R32,Frontend Developer,0.347,0.091,0.4444
R33,Backend Developer,0.6014,0.374,0.9126
R34,Backend Developer,0.4239,0.0717,0.7849
R35,Data Scientist,0.5267,0.1801,0.9144
R36,Backend Developer,0.5311,0.1933,0.914
R37,Data Analyst,0.5909,0.2728,0.9475
R38,Frontend Developer,0.5294,0.3549,0.7568
R39,Backend Developer,0.5617,0.315,0.8892
R40,Data Scientist,0.409,0.3769,0.2456
R41,Data Scientist,0.6928,0.3985,0.9792
R42,Data Analyst,0.4846,0.1538,0.8609
R43,Frontend Developer,0.3334,0.1859,0.2437
R44,Data Scientist,0.3873,0.2418,0.3508
R45,Frontend Developer,0.5043,0.1528,0.8962
R46,Software Engineer,0.5515,0.1877,0.9391
R47,Data Analyst,0.5695,0.2417,0.9381
R48,Data Analyst,0.4462,0.1386,0.7813
R49,Backend Developer,0.3471,0.2378,0.2189
R50,Frontend Developer,0.4639,0.3542,0.5047
R51,Data Scientist,0.5689,0.2401,0.9381
R52,Software Engineer,0.5381,0.1856,0.9259
R53,Data Analyst,0.5506,0.2231,0.925
R54,Backend Developer,0.3376,0.2129,0.2191
R55,ML Engineer,0.7456,0.4369,0.989
R56,ML Engineer,0.4156,0.0469,0.7863
R57,ML Engineer,0.4426,0.1779,0.702
R58,Backend Developer,0.491,0.3052,0.701
R59,Data Scientist,0.422,0.0661,0.7852
R60,Software Engineer,0.4035,0.244,0.4238
R61,Data Scientist,0.497,0.1309,0.8968
R62,Frontend Developer,0.5643,0.2262,0.9384
R63,Backend Developer,0.604,0.3119,0.9469
R64,Backend Developer,0.4793,0.1236,0.8712
R65,Frontend Developer,0.3187,0.2395,0.1397
R66,ML Engineer,0.2339,0.0643,0.1086
R67,Software Engineer,0.6331,0.2994,0.9689
R68,Data Analyst,0.5008,0.3345,0.699
R69,ML Engineer,0.4832,0.1354,0.8708
R70,Software Engineer,0.4872,0.1282,0.8824
R71,Software Engineer,0.6774,0.4822,0.9515
R72,Software Engineer,0.5818,0.2253,0.9534
R73,Frontend Developer,0.8292,0.4877,0.9963
R74,Data Scientist,0.5859,0.3277,0.9138
R75,Frontend Developer,0.6469,0.3407,0.9685
R76,Software Engineer,0.5737,0.2212,0.9483
R77,Software Engineer,0.6369,0.3106,0.9688
R78,Data Analyst,0.5211,0.2598,0.8513
R79,Software Engineer,0.5987,0.296,0.9471
R80,Backend Developer,0.3128,0.1135,0.2715
R81,ML Engineer,0.6086,0.3257,0.9466
R82,Data Scientist,0.6515,0.3545,0.9684
R83,Data Analyst,0.6552,0.3657,0.9682
R84,Data Scientist,0.6115,0.3145,0.9521
R85,Backend Developer,0.4187,0.1461,0.656
R86,Backend Developer,0.5005,0.1414,0.8965
R87,Software Engineer,0.4249,0.0747,0.7848
R88,Data Analyst,0.7303,0.4195,0.9873
R89,Data Analyst,0.5258,0.2175,0.8942
R90,Frontend Developer,0.6559,0.3678,0.9682
R91,ML Engineer,0.4182,0.0546,0.7858
R92,Frontend Developer,0.5569,0.242,0.9246
R93,Frontend Developer,0.4918,0.161,0.8698
R94,Backend Developer,0.4337,0.1011,0.7833
R95,Software Engineer,0.5842,0.34,0.9082
R96,Frontend Developer,0.5495,0.2201,0.9251
R97,Data Scientist,0.5743,0.2561,0.9378
R98,Data Analyst,0.5363,0.1803,0.926
R99,Software Engineer,0.5251,0.1754,0.9145
R100,Backend Developer,0.6414,0.3242,0.9686
R101,Software Engineer,0.6193,0.315,0.9576
R102,Frontend Developer,0.4431,0.2377,0.6109
R103,Data Analyst,0.5521,0.2276,0.9249
R104,Software Engineer,0.4362,0.1085,0.7829
R105,Data Analyst,0.4919,0.1615,0.8698
R106,Software Engineer,0.466,0.1856,0.7742
R107,Frontend Developer,0.373,0.044,0.6335
R108,Backend Developer,0.5799,0.2731,0.9375
R109,Backend Developer,0.5305,0.1914,0.9141
R110,Frontend Developer,0.4727,0.3252,0.5968
R111,Backend Developer,0.6617,0.3851,0.9681
R112,ML Engineer,0.5836,0.3382,0.9082
R113,Data Analyst,0.5566,0.2411,0.9246
R114,ML Engineer,0.4229,0.0687,0.7851
R115,Data Scientist,0.4012,0.1203,0.6239
R116,Data Scientist,0.6088,0.2834,0.958
R117,Backend Developer,0.4803,0.2243,0.7706
R118,ML Engineer,0.3855,0.3064,0.2498
R119,Software Engineer,0.3633,0.2238,0.2912
R120,Data Analyst,0.4289,0.0866,0.7841
R121,Data Scientist,0.3765,0.1169,0.5365
R122,Data Scientist,0.5366,0.2097,0.9136
R123,Data Analyst,0.4229,0.0688,0.7851
R124,Data Scientist,0.597,0.2709,0.9528
R125,ML Engineer,0.4145,0.0434,0.7864
R126,Backend Developer,0.5046,0.1538,0.8961
R127,Software Engineer,0.4813,0.144,0.8612
R128,Data Analyst,0.5322,0.1967,0.914
R129,Software Engineer,0.3817,0.07,0.6316
R130,Data Scientist,0.4471,0.3414,0.4492
R131,ML Engineer,0.3482,0.1346,0.3634
R132,Backend Developer,0.4449,0.3347,0.4623
R133,Data Analyst,0.3186,0.2391,0.1397
R134,Data Scientist,0.4292,0.0875,0.7841
R135,Software Engineer,0.5991,0.2544,0.9584
R136,Frontend Developer,0.2228,0.0685,0.0884
R137,Data Analyst,0.7437,0.4595,0.9871
R138,Backend Developer,0.5556,0.2667,0.9122
R139,Data Scientist,0.5093,0.1678,0.8957
R140,Software Engineer,0.6144,0.3003,0.9578
R141,Backend Developer,0.7097,0.3958,0.9844
R142,Software Engineer,0.4954,0.1528,0.8816
R143,ML Engineer,0.704,0.3785,0.9845
R144,Data Analyst,0.505,0.1549,0.8961
R145,ML Engineer,0.5248,0.1744,0.9145
R146,Software Engineer,0.5387,0.216,0.9135
R147,Backend Developer,0.2975,0.2425,0.1009
R148,Software Engineer,0.4892,0.1342,0.8822
R149,Software Engineer,0.3086,0.2474,0.116
R150,Frontend Developer,0.594,0.239,0.9586
R151,ML Engineer,0.5201,0.1604,0.9149
R152,Data Analyst,0.384,0.2854,0.2839
R153,Backend Developer,0.3086,0.2092,0.1409
R154,Data Scientist,0.6476,0.3427,0.9685
R155,Data Analyst,0.5308,0.2798,0.8528
R156,ML Engineer,0.4333,0.1355,0.7312
R157,Software Engineer,0.5255,0.1766,0.9145
R158,Data Analyst,0.6616,0.3849,0.9681
R159,Backend Developer,0.5911,0.2734,0.9475
R160,Backend Developer,0.4828,0.1485,0.8611
R161,Data Scientist,0.7421,0.4264,0.9891
R162,Backend Developer,0.6126,0.295,0.9578
R163,Data Scientist,0.5659,0.231,0.9383
R164,Frontend Developer,0.6123,0.3168,0.9521
R165,Software Engineer,0.4858,0.1573,0.8607
R166,Data Scientist,0.5078,0.19,0.8804
R167,Software Engineer,0.4905,0.1572,0.87
R168,Data Scientist,0.5543,0.1963,0.9389
R169,Software Engineer,0.5485,0.2454,0.9127
R170,ML Engineer,0.2977,0.0682,0.2744
R171,ML Engineer,0.4701,0.1102,0.8625
R172,Frontend Developer,0.5459,0.2376,0.9129
R173,Software Engineer,0.5587,0.2095,0.9387
R174,ML Engineer,0.5193,0.1979,0.8948
R175,Frontend Developer,0.4535,0.3771,0.4053
R176,Backend Developer,0.6308,0.2924,0.969
R177,Frontend Developer,0.3171,0.1262,0.2707
R178,ML Engineer,0.5841,0.2322,0.9533
R179,Data Analyst,0.6997,0.3659,0.9846
R180,Frontend Developer,0.52,0.2599,0.8371
R181,Software Engineer,0.4996,0.1653,0.8812
R182,Frontend Developer,0.2323,0.1326,0.0674
R183,Software Engineer,0.3699,0.1812,0.378
R184,Frontend Developer,0.4219,0.0656,0.7852
R185,Backend Developer,0.6024,0.3073,0.9469
R186,Software Engineer,0.5376,0.2128,0.9136
R187,Frontend Developer,0.4782,0.1203,0.8713
R188,ML Engineer,0.5108,0.1725,0.8956
R189,ML Engineer,0.4817,0.2041,0.7998
R190,Frontend Developer,0.4513,0.2623,0.609
R191,Software Engineer,0.3529,0.1989,0.2924
R192,ML Engineer,0.474,0.1221,0.8621
R193,Data Scientist,0.5595,0.2119,0.9386
R194,Frontend Developer,0.4016,0.1403,0.5973
R195,ML Engineer,0.5557,0.2386,0.9247
R196,Software Engineer,0.3642,0.1928,0.3407
R197,Software Engineer,0.415,0.0451,0.7863
R198,Backend Developer,0.6157,0.3043,0.9577
R199,Data Scientist,0.3071,0.2712,0.1
R200,Backend Developer,0.5195,0.1586,0.9149
R201,Software Engineer,0.3949,0.2419,0.3802
R202,Data Analyst,0.2431,0.1649,0.0667
R203,Software Engineer,0.5033,0.1956,0.8686
R204,Software Engineer,0.3277,0.2123,0.1957
R205,Data Analyst,0.4979,0.2738,0.7665
R206,Frontend Developer,0.6509,0.3528,0.9684
R207,Backend Developer,0.4187,0.0562,0.7858
R208,Frontend Developer,0.485,0.1406,0.8706
R209,Backend Developer,0.4264,0.0793,0.7845
R210,ML Engineer,0.6115,0.2917,0.9579
R211,Frontend Developer,0.3319,0.0455,0.4479
R212,Software Engineer,0.5153,0.1858,0.8952
R213,Data Analyst,0.4205,0.0614,0.7855
R214,ML Engineer,0.5237,0.171,0.9146
R215,Frontend Developer,0.5001,0.1404,0.8965
R216,Software Engineer,0.508,0.1908,0.8803
R217,ML Engineer,0.4658,0.2524,0.6775
R218,Data Analyst,0.5628,0.2884,0.9116
R219,Data Analyst,0.6074,0.3473,0.9351
R220,Data Scientist,0.4881,0.3194,0.6728
R221,Software Engineer,0.3959,0.3377,0.2479
R222,Software Engineer,0.5928,0.2583,0.9529
R223,Frontend Developer,0.2841,0.2022,0.102
R224,ML Engineer,0.576,0.2614,0.9377
R225,Data Analyst,0.544,0.2319,0.9131
R226,Frontend Developer,0.5171,0.1512,0.9151
R227,Software Engineer,0.6955,0.4065,0.9791
R228,Software Engineer,0.4935,0.147,0.8818
R229,Data Analyst,0.6479,0.3437,0.9685
R230,Software Engineer,0.2629,0.0889,0.1499
R231,Data Scientist,0.4294,0.0882,0.784
R232,Frontend Developer,0.4811,0.11,0.883
R233,Software Engineer,0.2608,0.0824,0.1502
R234,Frontend Developer,0.6334,0.3003,0.9689
R235,ML Engineer,0.3091,0.2108,0.1408
R236,Backend Developer,0.64,0.3199,0.9687
R237,Software Engineer,0.6305,0.2914,0.969
R238,ML Engineer,0.4034,0.3602,0.2466
R239,Data Analyst,0.3232,0.1696,0.2303
R240,Data Analyst,0.5742,0.2559,0.9378
R241,Software Engineer,0.5866,0.2599,0.9477
R242,Data Scientist,0.5062,0.2393,0.8299
R243,Data Scientist,0.5805,0.2215,0.9535
R244,Data Analyst,0.4443,0.1328,0.7816
R245,ML Engineer,0.6998,0.366,0.9846
R246,Data Scientist,0.5539,0.233,0.9248
R247,Data Analyst,0.4261,0.0782,0.7846
R248,Backend Developer,0.5323,0.1968,0.914
R249,Software Engineer,0.5821,0.2797,0.9374
R250,Backend Developer,0.527,0.1809,0.9144
R251,Backend Developer,0.5464,0.2393,0.9129
R252,Backend Developer,0.2794,0.0882,0.1927
R253,Data Scientist,0.7005,0.4014,0.9813
R254,ML Engineer,0.3584,0.1653,0.3612
R255,Frontend Developer,0.3971,0.2913,0.3226
R256,Frontend Developer,0.4196,0.0587,0.7856
R257,Data Scientist,0.544,0.2319,0.9131
R258,Backend Developer,0.6511,0.3532,0.9684
R259,Data Analyst,0.7581,0.4343,0.9912
R260,ML Engineer,0.5323,0.1968,0.914
R261,Backend Developer,0.2811,0.1432,0.1477
R262,Backend Developer,0.4345,0.3034,0.4522
R263,Backend Developer,0.3558,0.3173,0.1601
R264,Backend Developer,0.4224,0.0671,0.7852
R265,Frontend Developer,0.5554,0.1997,0.9388
R266,Backend Developer,0.3444,0.1734,0.2941
R267,Data Scientist,0.318,0.1291,0.2706
R268,ML Engineer,0.4172,0.0516,0.786
R269,Software Engineer,0.7315,0.3946,0.9892
R270,Data Analyst,0.2152,0.0955,0.0633
R271,Data Analyst,0.5387,0.216,0.9135
R272,Data Analyst,0.4924,0.1438,0.8819
R273,Data Analyst,0.4213,0.0638,0.7853
R274,Frontend Developer,0.3695,0.2084,0.3396
R275,ML Engineer,0.4214,0.0643,0.7853
R276,Frontend Developer,0.5077,0.1632,0.8959
R277,Backend Developer,0.5529,0.1921,0.939
R278,Data Scientist,0.5761,0.2617,0.9377
R279,ML Engineer,0.6885,0.3322,0.9847
R280,Data Analyst,0.6421,0.3263,0.9686
R281,Frontend Developer,0.1669,0.0507,0.0379
R282,ML Engineer,0.5382,0.1859,0.9259
R283,Software Engineer,0.4233,0.0698,0.785
R284,Data Scientist,0.4286,0.0858,0.7842
R285,ML Engineer,0.4202,0.0605,0.7855
R286,Software Engineer,0.421,0.0629,0.7854
R287,Frontend Developer,0.4901,0.156,0.87
R288,Software Engineer,0.4256,0.0768,0.7846
R289,Frontend Developer,0.4018,0.1803,0.525
R290,Frontend Developer,0.6985,0.362,0.9846
R291,Software Engineer,0.5701,0.2436,0.938
R292,Data Analyst,0.5373,0.2118,0.9136
R293,Frontend Developer,0.496,0.1737,0.8694
R294,Data Scientist,0.3914,0.3241,0.2487
R295,Data Scientist,0.313,0.2223,0.1404
R296,Data Scientist,0.5427,0.419,0.7208
R297,Backend Developer,0.5965,0.2896,0.9472
R298,Frontend Developer,0.5386,0.2157,0.9135
R299,Data Analyst,0.5235,0.2104,0.8944
R300,ML Engineer,0.5341,0.2022,0.9138
R301,Data Scientist,0.5706,0.2452,0.938
R302,Data Analyst,0.3679,0.2037,0.34
R303,Software Engineer,0.5394,0.2183,0.9134
R304,Backend Developer,0.5124,0.2038,0.8799
R305,Software Engineer,0.6536,0.3859,0.9612
R306,Frontend Developer,0.51,0.1701,0.8956
R307,Software Engineer,0.5925,0.2574,0.953
R308,Backend Developer,0.5819,0.2456,0.9479
R309,Software Engineer,0.6019,0.2629,0.9583
R310,Software Engineer,0.1914,0.1243,0.037
R311,Data Scientist,0.6648,0.3943,0.968
R312,Backend Developer,0.3306,0.2753,0.1384
R313,Data Scientist,0.2648,0.0944,0.1497
R314,Backend Developer,0.3726,0.2761,0.2548
R315,Data Scientist,0.4968,0.1761,0.8693
R316,Data Analyst,0.5332,0.1995,0.9139
R317,Data Analyst,0.4175,0.2275,0.5213
R318,Data Scientist,0.4444,0.1498,0.7505
R319,Data Scientist,0.644,0.332,0.9686
R320,Backend Developer,0.4303,0.0908,0.7839
R321,ML Engineer,0.2737,0.2112,0.0832
R322,Backend Developer,0.5636,0.2241,0.9384
R323,Frontend Developer,0.5637,0.2243,0.9384
R324,Backend Developer,0.4913,0.1596,0.8699
R325,Data Analyst,0.6398,0.3193,0.9687
R326,ML Engineer,0.5346,0.2038,0.9138
R327,ML Engineer,0.5102,0.1706,0.8956
R328,Frontend Developer,0.2327,0.098,0.0876
R329,ML Engineer,0.311,0.108,0.2719
R330,ML Engineer,0.4326,0.0979,0.7835
R331,ML Engineer,0.5263,0.1788,0.9144
R332,Data Analyst,0.5262,0.1787,0.9144
R333,Frontend Developer,0.4843,0.285,0.7023
R334,Data Analyst,0.492,0.1616,0.8698
R335,Data Analyst,0.5397,0.219,0.9134
R336,Software Engineer,0.6204,0.3313,0.9509
R337,ML Engineer,0.5363,0.3088,0.8349
R338,Data Analyst,0.5099,0.1696,0.8957
R339,Software Engineer,0.3895,0.2018,0.4271
R340,ML Engineer,0.5263,0.179,0.9144
R341,ML Engineer,0.2311,0.1183,0.0758
R342,ML Engineer,0.4186,0.0559,0.7858
R343,Frontend Developer,0.5134,0.1801,0.8954
R344,Backend Developer,0.699,0.4171,0.979
R345,Data Scientist,0.6789,0.3795,0.9766
R346,Data Scientist,0.5624,0.2205,0.9385
R347,Data Scientist,0.3615,0.0719,0.54
R348,Data Analyst,0.648,0.3439,0.9685
R349,Data Scientist,0.6922,0.3967,0.9792
R350,ML Engineer,0.6707,0.355,0.9767
R351,Frontend Developer,0.4786,0.1359,0.8616
R352,Backend Developer,0.3335,0.0506,0.4475
R353,Data Scientist,0.3259,0.226,0.179
R354,Frontend Developer,0.5109,0.1992,0.88
R355,ML Engineer,0.3551,0.3154,0.1602
R356,Data Scientist,0.2444,0.15,0.074
R357,ML Engineer,0.6291,0.2872,0.969
R358,Frontend Developer,0.6568,0.3703,0.9682
R359,ML Engineer,0.6858,0.3775,0.9793
R360,Software Engineer,0.641,0.3231,0.9687
R361,Frontend Developer,0.6168,0.3076,0.9577
R362,Data Scientist,0.7368,0.4103,0.9891
R363,Data Analyst,0.4311,0.0932,0.7838
R364,Backend Developer,0.5955,0.2864,0.9473
R365,Backend Developer,0.5589,0.3718,0.8307
R366,Software Engineer,0.5976,0.2727,0.9527
R367,Data Analyst,0.1883,0.115,0.0371
R368,ML Engineer,0.6363,0.366,0.9569
R369,Data Analyst,0.5083,0.2106,0.868
R370,Frontend Developer,0.3247,0.1599,0.2452
R371,Data Scientist,0.4682,0.2796,0.6508
R372,ML Engineer,0.7426,0.4279,0.9891
R373,Software Engineer,0.5836,0.2509,0.9478
R374,Backend Developer,0.5003,0.1675,0.8811
R375,Data Analyst,0.4168,0.0505,0.7861
R376,Data Scientist,0.3707,0.1537,0.4352
R377,Software Engineer,0.5598,0.2126,0.9386
R378,Data Analyst,0.6193,0.315,0.9576
R379,Software Engineer,0.4256,0.0767,0.7846
R380,Software Engineer,0.4768,0.116,0.8715
R381,Data Analyst,0.571,0.2462,0.938
R382,Data Scientist,0.4355,0.1065,0.783
R383,Software Engineer,0.5203,0.161,0.9148
R384,Software Engineer,0.534,0.3021,0.8352
R385,Frontend Developer,0.5546,0.197,0.9389
R386,Software Engineer,0.5242,0.1725,0.9146
R387,Data Scientist,0.491,0.1396,0.882
R388,Backend Developer,0.4093,0.1635,0.5955
R389,Frontend Developer,0.3596,0.0662,0.5405
R390,ML Engineer,0.67,0.3975,0.9671
R391,Backend Developer,0.7045,0.3801,0.9845
R392,Frontend Developer,0.2999,0.1647,0.164
R393,Software Engineer,0.4111,0.1732,0.5828
R394,Software Engineer,0.4987,0.217,0.8309
R395,Software Engineer,0.4022,0.3567,0.2468
R396,Data Scientist,0.6361,0.3654,0.9569
R397,Frontend Developer,0.5697,0.2426,0.9381
R398,Frontend Developer,0.8394,0.5183,0.9963
R399,Data Scientist,0.3289,0.2699,0.1386
R400,Frontend Developer,0.2916,0.2248,0.1014
R401,Data Analyst,0.4402,0.3208,0.4634
R402,Frontend Developer,0.5242,0.1725,0.9146
R403,Frontend Developer,0.4913,0.1407,0.882
R404,ML Engineer,0.4289,0.0867,0.7841
R405,Data Scientist,0.4317,0.095,0.7837
R406,Frontend Developer,0.5691,0.2948,0.9094
R407,Backend Developer,0.6512,0.3535,0.9684
R408,Frontend Developer,0.5867,0.2401,0.9532
R409,Software Engineer,0.4143,0.0429,0.7865
R410,Backend Developer,0.4199,0.0598,0.7856
R411,Frontend Developer,0.6326,0.2977,0.9689
R412,Software Engineer,0.574,0.2554,0.9378
R413,Data Scientist,0.4306,0.0919,0.7838
R414,Data Analyst,0.2599,0.1965,0.0729
R415,Data Scientist,0.4812,0.1293,0.871
R416,Data Analyst,0.2598,0.1959,0.073
R417,Software Engineer,0.429,0.0871,0.7841
R418,Frontend Developer,0.5135,0.2703,0.8165
R419,ML Engineer,0.4338,0.2096,0.613
R420,ML Engineer,0.5309,0.1928,0.9141
R421,Software Engineer,0.5787,0.2362,0.9481
R422,Software Engineer,0.5924,0.2571,0.953
R423,Data Analyst,0.587,0.2943,0.9371
R424,Data Analyst,0.3379,0.1536,0.2954
R425,Frontend Developer,0.2763,0.129,0.142
R426,Backend Developer,0.5646,0.2654,0.9241
R427,ML Engineer,0.2627,0.0882,0.15
R428,Data Scientist,0.4603,0.2308,0.709
R429,Frontend Developer,0.5627,0.4548,0.7509
R430,Data Scientist,0.6083,0.282,0.958
R431,Backend Developer,0.452,0.356,0.4606
R432,Frontend Developer,0.5304,0.1911,0.9141
R433,Data Scientist,0.5894,0.2681,0.9476
R434,Data Scientist,0.686,0.4008,0.9764
R435,Data Scientist,0.6301,0.3704,0.9513
R436,ML Engineer,0.5135,0.2703,0.8165
R437,Data Scientist,0.5311,0.1932,0.914
R438,Frontend Developer,0.5286,0.1857,0.9142
R439,Data Analyst,0.5034,0.1959,0.8686
R440,Software Engineer,0.6136,0.298,0.9578
R441,Data Analyst,0.575,0.2585,0.9378
R442,Frontend Developer,0.4296,0.0887,0.784
R443,Data Analyst,0.3517,0.2852,0.1771
R444,Software Engineer,0.6098,0.2866,0.958
R445,Frontend Developer,0.5271,0.1814,0.9143
R446,Data Scientist,0.6629,0.3315,0.9769
R447,Software Engineer,0.5551,0.2369,0.9247
R448,Data Scientist,0.5564,0.2026,0.9388
R449,Data Scientist,0.3608,0.2896,0.1961
R450,Data Analyst,0.5629,0.222,0.9384
R451,Software Engineer,0.1752,0.0756,0.0376
R452,Data Scientist,0.7081,0.4444,0.9789
R453,Data Scientist,0.4959,0.1734,0.8694
R454,Frontend Developer,0.5074,0.189,0.8804
R455,Frontend Developer,0.4859,0.3401,0.6146
R456,Backend Developer,0.6096,0.4704,0.8647
R457,Backend Developer,0.6129,0.2957,0.9578
R458,ML Engineer,0.4169,0.4006,0.2442
R459,Backend Developer,0.545,0.2349,0.913
R460,Data Scientist,0.4282,0.0845,0.7842
R461,Data Scientist,0.5203,0.161,0.9148
R462,ML Engineer,0.4887,0.1518,0.8702
R463,Data Analyst,0.4325,0.0974,0.7835
R464,Frontend Developer,0.55,0.2216,0.9251
R465,Software Engineer,0.5815,0.2246,0.9534
R466,ML Engineer,0.4237,0.271,0.4548
R467,ML Engineer,0.563,0.2223,0.9384
R468,Data Analyst,0.534,0.2021,0.9138
R469,ML Engineer,0.5734,0.2534,0.9379
R470,Data Analyst,0.3606,0.1236,0.4376
R471,Data Scientist,0.4223,0.067,0.7852
R472,Data Scientist,0.5441,0.2322,0.9131
R473,Data Analyst,0.3857,0.207,0.4105
R474,Backend Developer,0.4387,0.116,0.7825
R475,Frontend Developer,0.4748,0.2077,0.7715
R476,Data Scientist,0.5033,0.15,0.8962
R477,Software Engineer,0.5886,0.2459,0.9531
R478,Data Analyst,0.3056,0.2669,0.1002
R479,Frontend Developer,0.3648,0.3014,0.1955
R480,Frontend Developer,0.5622,0.22,0.9385
R481,Data Scientist,0.2871,0.1529,0.1453
R482,Software Engineer,0.6164,0.3064,0.9577
R483,Data Analyst,0.2877,0.2131,0.1017
R484,Frontend Developer,0.4638,0.2248,0.7128
R485,ML Engineer,0.5512,0.2249,0.925
R486,Frontend Developer,0.3174,0.0522,0.3743
R487,Data Analyst,0.5901,0.2504,0.9531
R488,Frontend Developer,0.4073,0.2435,0.4464
R489,ML Engineer,0.6451,0.3354,0.9685
R490,Software Engineer,0.5755,0.368,0.8685
R491,Software Engineer,0.2392,0.1534,0.067
R492,ML Engineer,0.5452,0.2356,0.913
R493,Frontend Developer,0.353,0.0464,0.542
R494,Data Analyst,0.4245,0.0735,0.7848
R495,Data Scientist,0.5714,0.2475,0.938
R496,Data Scientist,0.5705,0.2447,0.938
R497,Frontend Developer,0.4762,0.2837,0.6753
R498,Data Scientist,0.3748,0.1744,0.413
R499,Data Scientist,0.2425,0.09,0.1078
R500,Software Engineer,0.708,0.4241,0.9812
R501,Data Analyst,0.2947,0.1949,0.1311
R502,Data Analyst,0.3803,0.156,0.4716
R503,Data Scientist,0.3604,0.3311,0.1595
R504,Software Engineer,0.5161,0.2315,0.8598
R505,Data Analyst,0.7092,0.3942,0.9844
R506,Backend Developer,0.6372,0.3115,0.9688
R507,Software Engineer,0.2329,0.1486,0.0623
R508,Data Analyst,0.4361,0.1084,0.7829
R509,Frontend Developer,0.5434,0.2301,0.9131
R510,ML Engineer,0.4313,0.0939,0.7837
R511,Software Engineer,0.3305,0.2416,0.1634
R512,Data Scientist,0.4191,0.2907,0.4202
R513,Data Scientist,0.3324,0.0971,0.371
R514,Frontend Developer,0.639,0.317,0.9687
R515,Software Engineer,0.4157,0.047,0.7862
R516,Backend Developer,0.4291,0.0873,0.7841
R517,Data Scientist,0.565,0.2283,0.9383
R518,Data Scientist,0.5158,0.2139,0.8796
R519,Data Scientist,0.538,0.2141,0.9135
R520,Data Analyst,0.3589,0.2101,0.2889
R521,Data Analyst,0.2807,0.1922,0.1023
R522,Frontend Developer,0.4183,0.2351,0.4979
R523,Software Engineer,0.6103,0.3108,0.9522
R524,Data Scientist,0.2364,0.0716,0.1084
R525,ML Engineer,0.3594,0.1683,0.3609
R526,Software Engineer,0.4174,0.0522,0.786
R527,ML Engineer,0.5221,0.1664,0.9147
R528,ML Engineer,0.5093,0.168,0.8957
R529,Frontend Developer,0.7562,0.4286,0.9912
R530,ML Engineer,0.4971,0.177,0.8693
R531,Software Engineer,0.5681,0.2378,0.9381
R532,ML Engineer,0.5325,0.1974,0.9139
R533,Data Analyst,0.4458,0.2087,0.6688
R534,Software Engineer,0.4361,0.1084,0.7829
R535,Backend Developer,0.4019,0.3557,0.2468
R536,Frontend Developer,0.393,0.3291,0.2484
R537,ML Engineer,0.603,0.2891,0.9525
R538,Software Engineer,0.5127,0.178,0.8954
R539,Backend Developer,0.5773,0.2653,0.9376
R540,ML Engineer,0.5819,0.2256,0.9534
R541,Data Analyst,0.6584,0.3753,0.9681
R542,Frontend Developer,0.4203,0.061,0.7855
R543,Data Scientist,0.5941,0.2622,0.9529
R544,ML Engineer,0.4213,0.0638,0.7853
R545,Data Analyst,0.5955,0.32,0.9366
R546,Software Engineer,0.2994,0.1463,0.1828
R547,ML Engineer,0.536,0.5181,0.5405
R548,Backend Developer,0.5526,0.2577,0.9124
R549,Data Analyst,0.4542,0.3305,0.4913
R550,Software Engineer,0.3419,0.2758,0.1619
R551,Frontend Developer,0.2972,0.2129,0.1171
R552,Software Engineer,0.4917,0.1608,0.8699
R553,Backend Developer,0.6826,0.3679,0.9794
R554,Software Engineer,0.489,0.1336,0.8822
R555,ML Engineer,0.4825,0.2974,0.672
R556,Backend Developer,0.4487,0.296,0.5408
R557,Backend Developer,0.4167,0.05,0.7861
R558,ML Engineer,0.4797,0.139,0.8614
R559,ML Engineer,0.3337,0.0509,0.4475
R560,Frontend Developer,0.2416,0.1415,0.0741
R561,Frontend Developer,0.2519,0.1457,0.0848
R562,ML Engineer,0.3218,0.2053,0.1839
R563,Frontend Developer,0.3778,0.2385,0.3175
R564,ML Engineer,0.4482,0.1345,0.778
R565,ML Engineer,0.4949,0.1846,0.8597
R566,Data Scientist,0.4185,0.0554,0.7858
R567,ML Engineer,0.4906,0.1717,0.8602
R568,Data Scientist,0.2928,0.0533,0.2754
R569,Data Scientist,0.6486,0.3457,0.9684
R570,Frontend Developer,0.7072,0.4217,0.9812
R571,Software Engineer,0.4223,0.067,0.7852
R572,Frontend Developer,0.4132,0.1751,0.5946
R573,Data Analyst,0.4336,0.1008,0.7833
R574,Software Engineer,0.4249,0.0746,0.7848
R575,Data Scientist,0.6473,0.342,0.9685
R576,Backend Developer,0.4456,0.244,0.603
R577,Backend Developer,0.5901,0.2502,0.9531
R578,Software Engineer,0.8464,0.5393,0.9962
R579,Frontend Developer,0.5461,0.2097,0.9253
R580,Data Analyst,0.6178,0.3105,0.9576
R581,Data Analyst,0.5025,0.1932,0.8687
R582,Data Analyst,0.5732,0.2531,0.9379
R583,Backend Developer,0.665,0.395,0.968
R584,Frontend Developer,0.285,0.2051,0.1019
R585,Software Engineer,0.4233,0.07,0.785
R586,Data Analyst,0.6083,0.325,0.9467
R587,ML Engineer,0.5076,0.1629,0.8959
R588,Data Analyst,0.598,0.2941,0.9472
R589,Frontend Developer,0.4175,0.0524,0.786
R590,Software Engineer,0.4472,0.4115,0.334
R591,Data Analyst,0.5571,0.2429,0.9246
R592,Software Engineer,0.6819,0.3886,0.9765
R593,Frontend Developer,0.3294,0.1507,0.2642
R594,Data Analyst,0.7005,0.3682,0.9846
R595,Data Scientist,0.6547,0.3642,0.9683
R596,Frontend Developer,0.705,0.4402,0.9769
R597,Data Analyst,0.3386,0.0656,0.4464
R598,ML Engineer,0.6095,0.2856,0.958
R599,Data Scientist,0.2942,0.2325,0.1011
R600,Data Scientist,0.6313,0.2938,0.9689
R601,Frontend Developer,0.4223,0.0668,0.7852
R602,Software Engineer,0.552,0.2275,0.9249
R603,Data Scientist,0.4857,0.1428,0.8705
R604,Software Engineer,0.4184,0.0552,0.7858
R605,Data Scientist,0.5801,0.3279,0.9085
R606,Software Engineer,0.4198,0.0593,0.7856
R607,Data Scientist,0.5926,0.2577,0.953
R608,Data Scientist,0.5444,0.2333,0.913
R609,Software Engineer,0.4877,0.1632,0.8605
R610,Data Scientist,0.5122,0.1765,0.8955
R611,Backend Developer,0.6005,0.3016,0.947
R612,Data Analyst,0.5397,0.219,0.9134
R613,Backend Developer,0.4524,0.2655,0.6088
R614,ML Engineer,0.6057,0.2743,0.9581
R615,Backend Developer,0.2302,0.1155,0.0759
R616,Software Engineer,0.5769,0.264,0.9377
R617,ML Engineer,0.5305,0.1916,0.9141
R618,Software Engineer,0.5695,0.2418,0.9381
R619,Frontend Developer,0.3043,0.161,0.1821
R620,Backend Developer,0.524,0.2119,0.8944
R621,Frontend Developer,0.5061,0.1848,0.8805
R622,Frontend Developer,0.6876,0.3627,0.9815
R623,ML Engineer,0.559,0.2104,0.9386
R624,Data Scientist,0.6421,0.3262,0.9686
R625,Backend Developer,0.4217,0.065,0.7853
R626,Backend Developer,0.5021,0.2277,0.8326
R627,Software Engineer,0.4624,0.2205,0.713
R628,Software Engineer,0.5103,0.1708,0.8956
R629,ML Engineer,0.5405,0.1928,0.9257
R630,Data Scientist,0.4433,0.1299,0.7818
R631,Backend Developer,0.5713,0.2474,0.938
R632,Data Analyst,0.5668,0.2339,0.9382
R633,Backend Developer,0.4282,0.0845,0.7842
R634,Frontend Developer,0.418,0.0539,0.7859
R635,ML Engineer,0.3453,0.286,0.1614
R636,Data Analyst,0.7471,0.4412,0.989
R637,Software Engineer,0.5004,0.1411,0.8965
R638,ML Engineer,0.4805,0.1271,0.8711
R639,Data Scientist,0.4401,0.1202,0.7823
R640,Software Engineer,0.4825,0.2807,0.7091
R641,Data Analyst,0.4206,0.0617,0.7855
R642,ML Engineer,0.7014,0.3709,0.9846
R643,Software Engineer,0.583,0.2824,0.9373
R644,Software Engineer,0.688,0.3839,0.9793
R645,Data Analyst,0.6017,0.2623,0.9583
R646,Data Analyst,0.3434,0.1926,0.2616
R647,Data Analyst,0.6651,0.3954,0.9679
R648,Backend Developer,0.5326,0.1977,0.9139
R649,Software Engineer,0.3719,0.1308,0.4736
R650,Data Analyst,0.4737,0.2112,0.7737
R651,Data Scientist,0.1795,0.0886,0.0374
R652,Frontend Developer,0.6623,0.387,0.968
R653,ML Engineer,0.6934,0.3468,0.9847
R654,Software Engineer,0.4174,0.0521,0.786
R655,Data Scientist,0.4186,0.0557,0.7858
R656,Data Analyst,0.5564,0.2742,0.9044
R657,Software Engineer,0.3521,0.2147,0.2586
R658,Software Engineer,0.5554,0.1997,0.9388
R659,Data Analyst,0.5288,0.1864,0.9142
R660,Frontend Developer,0.4621,0.3435,0.5209
R661,Frontend Developer,0.3048,0.1979,0.1413
R662,ML Engineer,0.5752,0.259,0.9378
R663,Backend Developer,0.5131,0.3143,0.7624
R664,Backend Developer,0.5446,0.2339,0.913
R665,Frontend Developer,0.3456,0.1767,0.2939
R666,Backend Developer,0.5164,0.1893,0.8951
R667,Data Analyst,0.5004,0.1679,0.8811
R668,Frontend Developer,0.6399,0.3196,0.9687
R669,Data Scientist,0.5033,0.15,0.8962
R670,ML Engineer,0.5604,0.2526,0.9244
R671,Data Scientist,0.2794,0.0881,0.1927
R672,Data Analyst,0.6062,0.3185,0.9468
R673,Software Engineer,0.546,0.2381,0.9129
R674,Backend Developer,0.6297,0.2892,0.969
R675,ML Engineer,0.5896,0.2938,0.9361
R676,Backend Developer,0.6919,0.3958,0.9792
R677,Software Engineer,0.4194,0.0583,0.7856
R678,Software Engineer,0.5312,0.1937,0.914
R679,Data Scientist,0.4212,0.0635,0.7854
R680,Data Analyst,0.4115,0.1511,0.6216
R681,ML Engineer,0.5816,0.2249,0.9534
R682,Frontend Developer,0.6373,0.312,0.9688
R683,Frontend Developer,0.536,0.208,0.9137
R684,Backend Developer,0.4331,0.2993,0.4651
R685,Backend Developer,0.7042,0.4126,0.9812
R686,Data Analyst,0.6171,0.3084,0.9577
R687,Data Scientist,0.5027,0.1747,0.8809
R688,Backend Developer,0.5604,0.3062,0.8934
R689,Backend Developer,0.5259,0.2177,0.8942
R690,Frontend Developer,0.3094,0.2116,0.1408
R691,Data Scientist,0.3124,0.2204,0.1405
R692,Data Analyst,0.388,0.2974,0.2832
R693,Frontend Developer,0.4133,0.0398,0.7866
R694,Software Engineer,0.5323,0.1969,0.914
R695,Data Analyst,0.5766,0.2631,0.9377
R696,Data Analyst,0.3384,0.1554,0.2953
R697,ML Engineer,0.3602,0.2208,0.291
R698,Backend Developer,0.5627,0.2594,0.9242
R699,ML Engineer,0.4196,0.0588,0.7856
R700,Data Analyst,0.4469,0.1407,0.7812
R701,Data Scientist,0.412,0.2695,0.4218
R702,Data Analyst,0.5332,0.1996,0.9139
R703,Frontend Developer,0.7717,0.4751,0.9911
R704,Data Analyst,0.3539,0.1783,0.3269
R705,ML Engineer,0.5759,0.2612,0.9377
R706,Data Analyst,0.5531,0.2594,0.9124
R707,Data Scientist,0.5973,0.2918,0.9472
R708,Backend Developer,0.5686,0.2393,0.9381
R709,Data Analyst,0.692,0.4189,0.9763
R710,Backend Developer,0.5062,0.1587,0.896
R711,Backend Developer,0.538,0.214,0.9135
R712,Data Scientist,0.4369,0.1106,0.7828
R713,Software Engineer,0.5958,0.3208,0.9366
R714,ML Engineer,0.4988,0.182,0.8691
R715,ML Engineer,0.5155,0.1866,0.8952
R716,Backend Developer,0.5083,0.1916,0.8803
R717,Data Scientist,0.5176,0.1927,0.895
R718,Software Engineer,0.5194,0.1583,0.9149
R719,Data Analyst,0.5489,0.2468,0.9127
R720,Software Engineer,0.6463,0.3388,0.9685
R721,Backend Developer,0.5817,0.2785,0.9374
R722,ML Engineer,0.5072,0.1617,0.8959
R723,Backend Developer,0.3682,0.3118,0.195
R724,Frontend Developer,0.5755,0.2599,0.9377
R725,ML Engineer,0.4264,0.0792,0.7845
R726,Data Analyst,0.576,0.2613,0.9377
R727,Backend Developer,0.6057,0.2741,0.9581
R728,Frontend Developer,0.4558,0.2008,0.7143
R729,Data Analyst,0.6873,0.382,0.9793
R730,ML Engineer,0.4222,0.0667,0.7852
R731,Frontend Developer,0.6286,0.2857,0.969
R732,Software Engineer,0.4794,0.2216,0.7707
R733,Data Scientist,0.4276,0.0827,0.7843
R734,Software Engineer,0.5311,0.1933,0.914
R735,ML Engineer,0.4421,0.2347,0.6111
R736,Data Scientist,0.4054,0.1518,0.5964
R737,Data Scientist,0.5018,0.1721,0.881
R738,Backend Developer,0.5389,0.2168,0.9135
R739,Frontend Developer,0.6057,0.2972,0.9524
R740,ML Engineer,0.6362,0.3087,0.9688
R741,Software Engineer,0.5561,0.2753,0.9022
R742,Backend Developer,0.3258,0.2024,0.1949
R743,Data Scientist,0.2445,0.1692,0.0667
R744,ML Engineer,0.4241,0.0724,0.7849
R745,Data Scientist,0.5201,0.2004,0.8947
R746,Software Engineer,0.4143,0.2097,0.5437
R747,Data Scientist,0.3236,0.1958,0.1952
R748,Frontend Developer,0.508,0.1641,0.8958
R749,Data Analyst,0.6214,0.3213,0.9575
R750,ML Engineer,0.7026,0.3744,0.9845
R751,Software Engineer,0.5332,0.3662,0.7562
R752,ML Engineer,0.4231,0.0694,0.785
R753,Frontend Developer,0.536,0.208,0.9137
R754,Software Engineer,0.5762,0.2621,0.9377
R755,ML Engineer,0.4916,0.1605,0.8699
R756,Software Engineer,0.6987,0.3629,0.9846
R757,Software Engineer,0.6567,0.3702,0.9682
R758,Frontend Developer,0.7035,0.3771,0.9845
R759,Backend Developer,0.6417,0.3252,0.9686
R760,Data Analyst,0.5328,0.365,0.7563
R761,Data Analyst,0.6414,0.3243,0.9686
R762,Backend Developer,0.4125,0.3303,0.312
R763,Backend Developer,0.3009,0.0778,0.2738
R764,Data Scientist,0.5248,0.1743,0.9145
R765,Data Scientist,0.4344,0.1032,0.7832
R766,Backend Developer,0.5369,0.2608,0.8797
R767,Data Scientist,0.4716,0.2481,0.7112
R768,Frontend Developer,0.5101,0.1704,0.8956
R769,Software Engineer,0.5662,0.232,0.9383
R770,Data Analyst,0.1766,0.0797,0.0375
R771,Backend Developer,0.3747,0.2823,0.2545
R772,Data Scientist,0.5473,0.2418,0.9128
R773,Software Engineer,0.3235,0.2537,0.1392
R774,Data Scientist,0.2386,0.0783,0.1082
R775,ML Engineer,0.6131,0.5892,0.7362
R776,Frontend Developer,0.5568,0.2039,0.9388
R777,ML Engineer,0.6546,0.3066,0.9771
R778,Software Engineer,0.488,0.4141,0.4935
R779,Frontend Developer,0.3184,0.18,0.196
R780,Data Analyst,0.3154,0.2676,0.1153
R781,ML Engineer,0.4274,0.1822,0.6349
R782,Data Analyst,0.6524,0.3572,0.9683
R783,Frontend Developer,0.1733,0.07,0.0377
R784,Data Analyst,0.5901,0.3579,0.9077
R785,Data Scientist,0.5911,0.3067,0.9369
R786,Data Scientist,0.6496,0.3489,0.9684
R787,Software Engineer,0.5258,0.1774,0.9144
R788,Data Analyst,0.3883,0.115,0.5923
R789,Frontend Developer,0.5714,0.2476,0.938
R790,Software Engineer,0.5391,0.1886,0.9258
R791,Backend Developer,0.3799,0.2896,0.2508
R792,Software Engineer,0.5777,0.2331,0.9481
R793,ML Engineer,0.7015,0.3711,0.9845
R794,Frontend Developer,0.5346,0.2039,0.9138
R795,Backend Developer,0.4277,0.083,0.7843
R796,Frontend Developer,0.4179,0.0536,0.7859
R797,ML Engineer,0.3508,0.2825,0.1772
R798,Backend Developer,0.4355,0.253,0.5585
R799,Frontend Developer,0.5408,0.2225,0.9133
R800,ML Engineer,0.6038,0.2913,0.9525
R801,Data Scientist,0.4155,0.0465,0.7863
R802,Software Engineer,0.2391,0.0799,0.1081
R803,Frontend Developer,0.6128,0.2955,0.9578
R804,Data Analyst,0.4642,0.2139,0.7318
R805,Data Scientist,0.7134,0.4403,0.9811
R806,Data Scientist,0.2106,0.0569,0.0772
R807,Data Analyst,0.6461,0.3384,0.9685
R808,Software Engineer,0.6943,0.383,0.9814
R809,Frontend Developer,0.5647,0.2275,0.9383
R810,Backend Developer,0.1718,0.0653,0.0377
R811,Software Engineer,0.4852,0.1412,0.8706
R812,Data Scientist,0.4979,0.277,0.7676
R813,Backend Developer,0.4203,0.061,0.7855
R814,Data Scientist,0.5549,0.3647,0.8325
R815,Software Engineer,0.5369,0.2106,0.9136
R816,Backend Developer,0.4413,0.3239,0.4631
R817,Frontend Developer,0.4368,0.3354,0.4127
R818,Software Engineer,0.7209,0.4292,0.9843
R819,Frontend Developer,0.8527,0.558,0.9962
R820,Backend Developer,0.5132,0.1795,0.8954
R821,Data Analyst,0.5716,0.248,0.938
R822,Data Analyst,0.4168,0.2338,0.4997
R823,Data Analyst,0.3024,0.2571,0.1004
R824,ML Engineer,0.4929,0.1454,0.8818
R825,Data Scientist,0.5682,0.2381,0.9381
R826,Software Engineer,0.7887,0.4995,0.9922
R827,Data Scientist,0.523,0.1691,0.9146
R828,Data Scientist,0.4285,0.0856,0.7842
R829,Frontend Developer,0.5212,0.1635,0.9148
R830,ML Engineer,0.5675,0.2359,0.9382
R831,Backend Developer,0.5283,0.1848,0.9143
R832,Backend Developer,0.5099,0.2263,0.8527
R833,Data Analyst,0.3297,0.1559,0.2655
R834,Software Engineer,0.451,0.3154,0.5078
R835,Data Scientist,0.3574,0.2305,0.2576
R836,Backend Developer,0.7139,0.4083,0.9844
R837,Backend Developer,0.4211,0.0633,0.7854
R838,Backend Developer,0.3564,0.1593,0.3616
R839,Data Analyst,0.5278,0.2235,0.894
R840,Software Engineer,0.4321,0.0963,0.7836
R841,Backend Developer,0.5248,0.1743,0.9145
R842,Backend Developer,0.4242,0.0727,0.7849
R843,Data Analyst,0.4195,0.0586,0.7856
R844,Frontend Developer,0.4208,0.0625,0.7854
R845,Data Analyst,0.3588,0.2478,0.2453
R846,Backend Developer,0.4237,0.071,0.785
R847,Frontend Developer,0.3681,0.2,0.3383
R848,Data Analyst,0.5714,0.2475,0.938
R849,Data Analyst,0.5878,0.2435,0.9532
R850,ML Engineer,0.6913,0.3938,0.9792
R851,Data Scientist,0.527,0.1811,0.9143
R852,Frontend Developer,0.5725,0.2508,0.9379
R853,Software Engineer,0.3455,0.1703,0.2947
R854,Data Analyst,0.2581,0.0744,0.1505
R855,Data Scientist,0.7037,0.4112,0.9812
R856,Software Engineer,0.4169,0.0506,0.7861
R857,ML Engineer,0.3803,0.246,0.317
R858,Backend Developer,0.6915,0.341,0.9847
R859,Data Analyst,0.2284,0.1353,0.0625
R860,ML Engineer,0.6344,0.3031,0.9688
R861,Frontend Developer,0.5298,0.1893,0.9141
R862,Data Scientist,0.7209,0.4293,0.9843
R863,Data Analyst,0.7006,0.3684,0.9846
R864,Backend Developer,0.1756,0.0767,0.0376
R865,Software Engineer,0.5639,0.2251,0.9384
R866,Frontend Developer,0.571,0.2463,0.938
R867,Backend Developer,0.5382,0.2145,0.9135
R868,Backend Developer,0.5562,0.2018,0.9388
R869,Data Analyst,0.5886,0.2658,0.9476
R870,ML Engineer,0.5411,0.2232,0.9133
R871,Data Analyst,0.5939,0.2616,0.9529
R872,Data Scientist,0.6198,0.3166,0.9576
R873,Software Engineer,0.323,0.069,0.3731
R874,Software Engineer,0.6362,0.3085,0.9688
R875,Data Scientist,0.5745,0.2236,0.9483
R876,Frontend Developer,0.5077,0.1632,0.8959
R877,Backend Developer,0.7062,0.3852,0.9845
R878,Backend Developer,0.6493,0.348,0.9684
R879,Software Engineer,0.4867,0.1267,0.8825
R880,Software Engineer,0.5345,0.2036,0.9138
R881,Frontend Developer,0.4303,0.291,0.4532
R882,Data Scientist,0.4341,0.1024,0.7833
R883,ML Engineer,0.6577,0.3649,0.9677
R884,ML Engineer,0.5242,0.1727,0.9146
R885,Backend Developer,0.4326,0.0979,0.7835
R886,Backend Developer,0.3062,0.202,0.1412
R887,Data Analyst,0.5827,0.2814,0.9373
R888,Backend Developer,0.4137,0.041,0.7866
R889,Frontend Developer,0.3682,0.3118,0.195
R890,ML Engineer,0.5014,0.1899,0.8688
R891,Data Scientist,0.5238,0.1714,0.9146
R892,Data Scientist,0.511,0.1995,0.88
R893,Software Engineer,0.6322,0.2966,0.9689
R894,Software Engineer,0.4903,0.1566,0.87
R895,Data Scientist,0.5499,0.2498,0.9126
R896,Backend Developer,0.4393,0.2261,0.6118
R897,Data Scientist,0.5308,0.1924,0.9141
R898,Backend Developer,0.6321,0.2962,0.9689
R899,Software Engineer,0.4887,0.166,0.8604
R900,ML Engineer,0.5411,0.2232,0.9133
R901,Frontend Developer,0.6102,0.2877,0.9579
R902,Backend Developer,0.6493,0.348,0.9684
R903,ML Engineer,0.566,0.2314,0.9383
R904,Software Engineer,0.5015,0.1445,0.8964
R905,Software Engineer,0.4258,0.0774,0.7846
R906,Data Analyst,0.4472,0.25,0.61
R907,Data Scientist,0.5583,0.2083,0.9387
R908,Data Scientist,0.6346,0.4205,0.9326
R909,Data Scientist,0.3997,0.2326,0.4247
R910,Frontend Developer,0.7507,0.4522,0.989
R911,Software Engineer,0.5567,0.2035,0.9388
R912,Frontend Developer,0.6349,0.3047,0.9688
R913,Backend Developer,0.5911,0.2532,0.953
R914,Data Analyst,0.2606,0.0818,0.1502
R915,Data Analyst,0.5153,0.1858,0.8952
R916,ML Engineer,0.638,0.3141,0.9687
R917,Data Scientist,0.5052,0.1824,0.8806
R918,Data Scientist,0.3346,0.0536,0.4473
R919,Backend Developer,0.594,0.2819,0.9473
R920,Frontend Developer,0.3347,0.2875,0.1379
R921,Data Analyst,0.5107,0.1986,0.8801
R922,Backend Developer,0.5649,0.2282,0.9383
R923,Data Scientist,0.433,0.099,0.7834
R924,ML Engineer,0.4755,0.2586,0.7041
R925,Backend Developer,0.34,0.2699,0.1621
R926,Backend Developer,0.421,0.0631,0.7854
R927,ML Engineer,0.6028,0.3085,0.9469
R928,Software Engineer,0.6912,0.3402,0.9847
R929,Frontend Developer,0.3662,0.1987,0.3403
R930,Data Scientist,0.5681,0.2376,0.9381
R931,ML Engineer,0.3329,0.0487,0.4477
R932,Data Scientist,0.4229,0.0687,0.7851
R933,Software Engineer,0.6156,0.3269,0.952
R934,Data Scientist,0.3458,0.2873,0.1614
R935,Data Analyst,0.5183,0.1948,0.8949
R936,Software Engineer,0.7199,0.4262,0.9843
R937,Data Analyst,0.4618,0.3424,0.521
R938,ML Engineer,0.5566,0.2697,0.9121
R939,Frontend Developer,0.3331,0.1659,0.2649
R940,Data Analyst,0.6572,0.3717,0.9682
R941,Data Analyst,0.4807,0.1277,0.871
R942,ML Engineer,0.6418,0.3253,0.9686
R943,Data Scientist,0.5107,0.172,0.8956
R944,Backend Developer,0.2523,0.1926,0.0662
R945,Backend Developer,0.5366,0.2099,0.9136
R946,Data Analyst,0.4271,0.0814,0.7844
R947,ML Engineer,0.3285,0.188,0.2213
R948,Software Engineer,0.428,0.0841,0.7843
R949,Frontend Developer,0.4666,0.2549,0.6773
R950,Software Engineer,0.5739,0.3289,0.9007
R951,Frontend Developer,0.525,0.1751,0.9145
R952,ML Engineer,0.4216,0.0649,0.7853
R953,Data Analyst,0.4227,0.068,0.7851
R954,Software Engineer,0.4169,0.0507,0.786
R955,Backend Developer,0.6359,0.3076,0.9688
R956,Backend Developer,0.6863,0.3788,0.9793
R957,Backend Developer,0.6594,0.3781,0.9681
R958,Data Analyst,0.4617,0.3422,0.521
R959,ML Engineer,0.5443,0.2043,0.9254
R960,ML Engineer,0.5546,0.197,0.9389
R961,Software Engineer,0.616,0.3051,0.9577
R962,Software Engineer,0.5881,0.2644,0.9476
R963,ML Engineer,0.493,0.1648,0.8697
R964,ML Engineer,0.4174,0.0523,0.786
R965,Backend Developer,0.8324,0.4973,0.9963
R966,Frontend Developer,0.6912,0.3404,0.9847
R967,Software Engineer,0.4263,0.079,0.7845
R968,ML Engineer,0.2501,0.0505,0.1515
R969,ML Engineer,0.5339,0.2016,0.9138
R970,Backend Developer,0.4297,0.089,0.784
R971,Data Analyst,0.2253,0.0758,0.0882
R972,Data Analyst,0.5283,0.2921,0.8337
R973,Data Scientist,0.3791,0.3445,0.1933
R974,Backend Developer,0.6316,0.2949,0.9689
R975,Software Engineer,0.4999,0.1398,0.8965
R976,ML Engineer,0.557,0.2043,0.9388
R977,Backend Developer,0.5491,0.2187,0.9251
R978,Backend Developer,0.5505,0.2514,0.9126
R979,Backend Developer,0.489,0.1526,0.8701
R980,Data Scientist,0.612,0.2932,0.9579
R981,Software Engineer,0.4185,0.0555,0.7858
R982,Backend Developer,0.2783,0.185,0.1025
R983,ML Engineer,0.4349,0.1048,0.7831
R984,Frontend Developer,0.5983,0.275,0.9527
R985,Data Analyst,0.5825,0.2807,0.9373
R986,Data Analyst,0.4219,0.0656,0.7852
R987,Data Scientist,0.5541,0.2336,0.9248
R988,Software Engineer,0.433,0.0989,0.7834
R989,Data Analyst,0.4398,0.1193,0.7823
R990,Data Scientist,0.518,0.2374,0.8596
R991,Frontend Developer,0.1737,0.0711,0.0376
R992,Data Scientist,0.1746,0.0737,0.0376
R993,Software Engineer,0.6974,0.359,0.9846
R994,Data Analyst,0.6067,0.3202,0.9467
R995,Software Engineer,0.5069,0.1608,0.8959
R996,Data Analyst,0.5124,0.258,0.829
R997,Data Scientist,0.596,0.2679,0.9528
R998,Data Scientist,0.5621,0.2197,0.9385
R999,ML Engineer,0.5353,0.2058,0.9137
R1000,Software Engineer,0.3165,0.2329,0.14
R1001,Data Analyst,0.5093,0.2136,0.8679
R1002,Backend Developer,0.4841,0.138,0.8707
R1003,Software Engineer,0.4671,0.1514,0.8131
R1004,Backend Developer,0.5043,0.2701,0.7887
R1005,Backend Developer,0.5379,0.1852,0.9259
R1006,Software Engineer,0.4229,0.0688,0.7851
R1007,Data Scientist,0.4199,0.2846,0.4166
R1008,Data Scientist,0.6216,0.3219,0.9575
R1009,Data Scientist,0.3212,0.2037,0.184
R1010,Data Analyst,0.4594,0.2116,0.7136
R1011,Frontend Developer,0.2582,0.0745,0.1505
R1012,Software Engineer,0.328,0.2675,0.1387
R1013,Data Scientist,0.3709,0.2127,0.3393
R1014,Software Engineer,0.436,0.2543,0.5584
R1015,ML Engineer,0.2717,0.165,0.1031
R1016,ML Engineer,0.6627,0.388,0.968
R1017,Backend Developer,0.7036,0.3773,0.9845
R1018,Software Engineer,0.4546,0.1538,0.7769
R1019,Backend Developer,0.512,0.3111,0.7625
R1020,Data Analyst,0.5131,0.3144,0.7623
R1021,Data Analyst,0.5519,0.2272,0.9249
R1022,Data Scientist,0.4285,0.2605,0.5186
R1023,Data Scientist,0.2764,0.2193,0.083
R1024,ML Engineer,0.3073,0.1843,0.1695
R1025,Backend Developer,0.5882,0.2645,0.9476
R1026,Data Analyst,0.6579,0.3736,0.9682
R1027,Data Scientist,0.1829,0.0986,0.0373
R1028,Data Analyst,0.6453,0.3359,0.9685
R1029,Data Scientist,0.5236,0.1709,0.9146
R1030,Backend Developer,0.5627,0.2213,0.9384
R1031,Backend Developer,0.5114,0.1742,0.8955
R1032,Data Analyst,0.5464,0.2391,0.9129
R1033,Data Analyst,0.5752,0.2256,0.9482
R1034,Data Analyst,0.4379,0.1136,0.7827
R1035,Data Scientist,0.2902,0.2205,0.1015
R1036,Software Engineer,0.5539,0.233,0.9248
R1037,Data Analyst,0.4016,0.2549,0.4068
R1038,Data Scientist,0.608,0.3039,0.9523
R1039,Backend Developer,0.4389,0.4095,0.3066
R1040,Software Engineer,0.5516,0.2548,0.9125
R1041,Backend Developer,0.3608,0.2896,0.1961
R1042,Data Scientist,0.3161,0.2315,0.14
R1043,Software Engineer,0.6548,0.3645,0.9683
R1044,Data Analyst,0.5974,0.2721,0.9527
R1045,ML Engineer,0.4574,0.2471,0.6532
R1046,Data Analyst,0.484,0.1519,0.8609
R1047,Data Scientist,0.3528,0.2885,0.1769
R1048,Software Engineer,0.4651,0.2502,0.6776
R1049,Software Engineer,0.4221,0.0662,0.7852
R1050,ML Engineer,0.5629,0.2601,0.9242
R1051,Frontend Developer,0.5582,0.2078,0.9387
R1052,ML Engineer,0.5177,0.1532,0.915
R1053,Data Scientist,0.4114,0.2091,0.5227
R1054,Frontend Developer,0.2235,0.0706,0.0884
R1055,Backend Developer,0.6983,0.3617,0.9846
R1056,Data Scientist,0.603,0.2891,0.9525
R1057,Data Analyst,0.6407,0.3222,0.9687
R1058,ML Engineer,0.5668,0.2337,0.9382
R1059,Software Engineer,0.7586,0.4358,0.9912
R1060,Data Scientist,0.5037,0.1779,0.8808
R1061,Software Engineer,0.4897,0.1357,0.8822
R1062,Frontend Developer,0.3691,0.168,0.4084
R1063,ML Engineer,0.4363,0.2888,0.4936
R1064,Data Analyst,0.5045,0.1967,0.8612
R1065,Data Analyst,0.3649,0.1555,0.4093
R1066,Backend Developer,0.4935,0.147,0.8818
R1067,Data Scientist,0.238,0.1497,0.067
R1068,ML Engineer,0.3783,0.0601,0.6323
R1069,Backend Developer,0.5086,0.1924,0.8803
R1070,Data Analyst,0.4529,0.3836,0.4089
R1071,Software Engineer,0.56,0.2135,0.9386
R1072,Data Scientist,0.5604,0.2525,0.9244
R1073,Frontend Developer,0.6521,0.3563,0.9683
R1074,Backend Developer,0.5342,0.1742,0.9261
R1075,Software Engineer,0.4647,0.4107,0.4027
R1076,Data Scientist,0.6073,0.302,0.9523
R1077,Data Analyst,0.6089,0.3268,0.9466
R1078,Data Scientist,0.5691,0.2405,0.9381
R1079,Software Engineer,0.5814,0.2442,0.9479
R1080,Data Analyst,0.5717,0.2865,0.9236
R1081,ML Engineer,0.2531,0.1494,0.0847
R1082,Backend Developer,0.311,0.2162,0.1406
R1083,ML Engineer,0.5399,0.2197,0.9134
R1084,Data Scientist,0.5218,0.3854,0.6964
R1085,Backend Developer,0.4792,0.2711,0.7097
R1086,Data Analyst,0.5889,0.2999,0.937
R1087,Data Scientist,0.6925,0.3974,0.9792
R1088,Data Analyst,0.4296,0.0888,0.784
R1089,Software Engineer,0.4388,0.1165,0.7825
R1090,Backend Developer,0.6535,0.3606,0.9683
R1091,Data Analyst,0.528,0.1839,0.9143
R1092,Data Scientist,0.5439,0.2318,0.9131
R1093,Software Engineer,0.4948,0.1511,0.8817
R1094,ML Engineer,0.7723,0.4503,0.9924
R1095,Frontend Developer,0.4732,0.3198,0.6005
R1096,Data Analyst,0.4697,0.3542,0.5211
R1097,ML Engineer,0.5046,0.1537,0.8961
R1098,ML Engineer,0.6453,0.336,0.9685
R1099,Data Scientist,0.5229,0.1688,0.9147
R1100,Backend Developer,0.5274,0.1822,0.9143
R1101,Data Scientist,0.5472,0.213,0.9253
R1102,Backend Developer,0.4276,0.0828,0.7843
R1103,ML Engineer,0.4811,0.1432,0.8613
R1104,Backend Developer,0.3781,0.1759,0.4335
R1105,Software Engineer,0.4842,0.1384,0.8707
R1106,Frontend Developer,0.252,0.1918,0.0662
R1107,ML Engineer,0.5303,0.2408,0.8804
R1108,Software Engineer,0.5337,0.2012,0.9138
R1109,Data Analyst,0.7128,0.4383,0.9811
R1110,Data Analyst,0.3562,0.2021,0.2894
R1111,Backend Developer,0.5096,0.1689,0.8957
R1112,Data Analyst,0.3965,0.223,0.4255
R1113,Data Scientist,0.596,0.288,0.9472
R1114,Backend Developer,0.4221,0.0662,0.7852
R1115,Software Engineer,0.4779,0.2336,0.7485
R1116,Data Scientist,0.4732,0.1197,0.8622
R1117,Frontend Developer,0.5054,0.1827,0.8806
R1118,Data Scientist,0.3357,0.1696,0.263
R1119,ML Engineer,0.4865,0.1596,0.8606
R1120,Frontend Developer,0.5627,0.3382,0.8715
R1121,Backend Developer,0.5983,0.2519,0.9584
R1122,Data Scientist,0.5307,0.192,0.9141
R1123,Backend Developer,0.4514,0.3166,0.5077
R1124,ML Engineer,0.5843,0.2528,0.9478
R1125,Data Analyst,0.5315,0.1944,0.914
R1126,Data Analyst,0.4421,0.1264,0.782
R1127,Data Scientist,0.8426,0.5277,0.9962
R1128,ML Engineer,0.349,0.187,0.2932
R1129,Frontend Developer,0.4227,0.0682,0.7851
R1130,Backend Developer,0.4819,0.3208,0.6478
R1131,Data Analyst,0.6083,0.2821,0.958
R1132,Software Engineer,0.4814,0.1441,0.8612
R1133,Software Engineer,0.4169,0.0506,0.7861
R1134,Data Scientist,0.4922,0.1622,0.8698
R1135,Backend Developer,0.4979,0.2736,0.7665
R1136,Backend Developer,0.5713,0.2474,0.938
R1137,Data Analyst,0.5484,0.2451,0.9127
R1138,ML Engineer,0.1653,0.046,0.0379
R1139,Data Scientist,0.4761,0.3484,0.559
R1140,Frontend Developer,0.645,0.3349,0.9685
R1141,Frontend Developer,0.4855,0.1231,0.8826
R1142,Frontend Developer,0.4326,0.0977,0.7835
R1143,Frontend Developer,0.4213,0.0638,0.7853
R1144,Data Scientist,0.3682,0.3347,0.1748
R1145,Data Analyst,0.4965,0.1751,0.8693
R1146,ML Engineer,0.4231,0.0694,0.785
R1147,ML Engineer,0.4258,0.0774,0.7846
R1148,Frontend Developer,0.5865,0.2394,0.9532
R1149,Frontend Developer,0.4892,0.1533,0.8701
R1150,ML Engineer,0.4333,0.23,0.5734
R1151,Data Analyst,0.3579,0.1486,0.3908
R1152,Software Engineer,0.4385,0.1156,0.7825
R1153,Software Engineer,0.4802,0.1405,0.8614
R1154,Backend Developer,0.4595,0.1951,0.7478
R1155,Data Scientist,0.6439,0.3317,0.9686
R1156,Backend Developer,0.4228,0.0685,0.7851
R1157,Data Scientist,0.557,0.2044,0.9388
R1158,Data Analyst,0.339,0.2669,0.1623
R1159,Software Engineer,0.5693,0.2413,0.9381
R1160,Data Analyst,0.6477,0.343,0.9685
R1161,Backend Developer,0.644,0.3319,0.9686
R1162,Data Scientist,0.4003,0.216,0.4668
R1163,Software Engineer,0.3963,0.2222,0.4255
R1164,Data Scientist,0.2364,0.1091,0.0874
R1165,Software Engineer,0.5401,0.1918,0.9257
R1166,Frontend Developer,0.6801,0.3831,0.9765
R1167,Software Engineer,0.4355,0.1064,0.783
R1168,Software Engineer,0.5444,0.2332,0.913
R1169,Frontend Developer,0.3942,0.2877,0.3141
R1170,Software Engineer,0.6459,0.3376,0.9685
R1171,Backend Developer,0.5622,0.2581,0.9243
R1172,Frontend Developer,0.5483,0.2165,0.9252
R1173,Backend Developer,0.6459,0.3377,0.9685
R1174,Software Engineer,0.5345,0.2034,0.9138
R1175,Data Analyst,0.4785,0.4142,0.4541
R1176,Data Scientist,0.5798,0.2728,0.9375
R1177,Data Analyst,0.442,0.1261,0.782
R1178,Software Engineer,0.1988,0.1465,0.0368
R1179,Backend Developer,0.5887,0.2462,0.9531
R1180,Frontend Developer,0.1791,0.0872,0.0375
R1181,Software Engineer,0.8413,0.5238,0.9963
R1182,Backend Developer,0.6707,0.355,0.9767
R1183,Data Analyst,0.6297,0.2892,0.969
R1184,Software Engineer,0.5917,0.2552,0.953
R1185,Data Analyst,0.4448,0.1344,0.7815
R1186,Software Engineer,0.5107,0.172,0.8956
R1187,Frontend Developer,0.429,0.0869,0.7841
R1188,Data Analyst,0.5653,0.2673,0.9241
R1189,Backend Developer,0.4058,0.1341,0.6229
R1190,Frontend Developer,0.5968,0.2476,0.9585
R1191,Data Analyst,0.607,0.2781,0.9581
R1192,Data Scientist,0.5027,0.1746,0.8809
R1193,ML Engineer,0.3415,0.2546,0.1785
R1194,Data Scientist,0.5749,0.2247,0.9482
R1195,Software Engineer,0.5249,0.1746,0.9145
R1196,Data Analyst,0.5735,0.2537,0.9378
R1197,Data Analyst,0.3397,0.1857,0.2637
R1198,Data Scientist,0.5878,0.2968,0.937
R1199,Data Scientist,0.176,0.0781,0.0376
R1200,ML Engineer,0.5212,0.2037,0.8946
R1201,Frontend Developer,0.694,0.3486,0.9847
R1202,Frontend Developer,0.7696,0.4689,0.9911
R1203,Software Engineer,0.67,0.4101,0.9678
R1204,ML Engineer,0.5318,0.1955,0.914
R1205,Data Analyst,0.4775,0.3395,0.5957
R1206,ML Engineer,0.5242,0.1727,0.9146
R1207,Backend Developer,0.5304,0.2746,0.8582
R1208,Backend Developer,0.2874,0.1539,0.1452
R1209,Frontend Developer,0.5132,0.1795,0.8954
R1210,Data Scientist,0.5466,0.2113,0.9253
R1211,Data Analyst,0.5685,0.2388,0.9381
R1212,ML Engineer,0.4572,0.2786,0.6003
R1213,Software Engineer,0.5618,0.2189,0.9385
R1214,ML Engineer,0.392,0.2561,0.3498
R1215,Software Engineer,0.6915,0.341,0.9847
R1216,ML Engineer,0.6082,0.2817,0.958
R1217,Backend Developer,0.6842,0.3955,0.9764
R1218,Data Scientist,0.5747,0.2574,0.9378
R1219,Backend Developer,0.4792,0.1376,0.8615
R1220,Backend Developer,0.4325,0.0974,0.7835
R1221,ML Engineer,0.426,0.0779,0.7846
R1222,Frontend Developer,0.3829,0.2986,0.2502
R1223,Backend Developer,0.4191,0.0573,0.7857
R1224,Frontend Developer,0.3267,0.1467,0.2661
R1225,Backend Developer,0.555,0.2649,0.9122
R1226,Backend Developer,0.4152,0.0455,0.7863
R1227,ML Engineer,0.4294,0.0881,0.784
R1228,Software Engineer,0.6055,0.2966,0.9524
R1229,Data Analyst,0.5676,0.3027,0.9113
R1230,Frontend Developer,0.4177,0.053,0.7859
R1231,Data Analyst,0.6925,0.344,0.9847
R1232,Frontend Developer,0.7002,0.3672,0.9846
R1233,Backend Developer,0.607,0.2782,0.9581
R1234,Backend Developer,0.5,0.23,0.8184
R1235,Data Analyst,0.7006,0.4447,0.9761
R1236,Backend Developer,0.6708,0.4125,0.9678
R1237,Data Analyst,0.6878,0.4063,0.9764
R1238,ML Engineer,0.6814,0.3872,0.9765
R1239,ML Engineer,0.3188,0.2398,0.1397
R1240,Software Engineer,0.512,0.1761,0.8955
R1241,ML Engineer,0.5069,0.2708,0.7992
R1242,Data Scientist,0.4298,0.2894,0.4659
R1243,Frontend Developer,0.4718,0.1153,0.8623
R1244,ML Engineer,0.5271,0.1814,0.9143
R1245,Backend Developer,0.6548,0.3645,0.9683
R1246,Software Engineer,0.5551,0.2654,0.9122
R1247,Data Scientist,0.45,0.1418,0.7782
R1248,Backend Developer,0.4895,0.2334,0.7979
R1249,Frontend Developer,0.5114,0.2842,0.7986
R1250,ML Engineer,0.4148,0.0443,0.7864
R1251,ML Engineer,0.4071,0.1962,0.5237
R1252,Data Analyst,0.5742,0.2558,0.9378
R1253,Data Scientist,0.4228,0.0685,0.7851
R1254,ML Engineer,0.3877,0.1782,0.4698
R1255,Software Engineer,0.4588,0.2315,0.6789
R1256,Software Engineer,0.4919,0.1615,0.8698
R1257,Data Scientist,0.6665,0.3996,0.9679
R1258,Backend Developer,0.5471,0.3412,0.8335
R1259,Data Analyst,0.564,0.2255,0.9384
R1260,Frontend Developer,0.4184,0.3251,0.3402
R1261,Data Scientist,0.6969,0.4337,0.9762
R1262,ML Engineer,0.4505,0.3516,0.4484
R1263,Data Scientist,0.6229,0.4438,0.9031
R1264,Software Engineer,0.4338,0.1013,0.7833
R1265,Software Engineer,0.3237,0.0712,0.3729
R1266,Data Analyst,0.4184,0.0552,0.7858
R1267,Software Engineer,0.5219,0.1656,0.9147
R1268,ML Engineer,0.3941,0.3324,0.2482
R1269,ML Engineer,0.5034,0.1958,0.8686
R1270,Data Scientist,0.5653,0.2292,0.9383
R1271,ML Engineer,0.4294,0.1964,0.614
R1272,Backend Developer,0.5633,0.2232,0.9384
R1273,Data Scientist,0.5703,0.2442,0.938
R1274,Software Engineer,0.2538,0.0614,0.1511
R1275,Software Engineer,0.5483,0.2162,0.9252
R1276,Data Analyst,0.5375,0.3195,0.8325
R1277,Backend Developer,0.6422,0.3944,0.9511
R1278,Data Analyst,0.5463,0.239,0.9129
R1279,ML Engineer,0.6869,0.3806,0.9793
R1280,Software Engineer,0.6452,0.3357,0.9685
R1281,Frontend Developer,0.6219,0.2656,0.9692
R1282,Data Scientist,0.519,0.3141,0.7863
R1283,Frontend Developer,0.545,0.2064,0.9254
R1284,ML Engineer,0.414,0.0419,0.7865
R1285,Data Analyst,0.3749,0.1853,0.407
R1286,Frontend Developer,0.3186,0.1809,0.1959
R1287,Frontend Developer,0.6829,0.3916,0.9765
R1288,Data Scientist,0.6886,0.4086,0.9763
R1289,ML Engineer,0.4456,0.1533,0.7503
R1290,Data Scientist,0.7273,0.4485,0.9842
R1291,Data Analyst,0.5766,0.2297,0.9482
R1292,ML Engineer,0.3966,0.2233,0.4254
R1293,ML Engineer,0.4878,0.2468,0.7693
R1294,Data Analyst,0.504,0.1977,0.8685
R1295,Software Engineer,0.5845,0.2534,0.9478
R1296,Backend Developer,0.4916,0.1605,0.8699
R1297,ML Engineer,0.3743,0.2187,0.337
R1298,Frontend Developer,0.5102,0.1707,0.8956
R1299,ML Engineer,0.2703,0.161,0.1032
R1300,Data Scientist,0.3692,0.1683,0.4083
R1301,Frontend Developer,0.5369,0.2108,0.9136
R1302,Frontend Developer,0.5886,0.2457,0.9531
R1303,Frontend Developer,0.5079,0.1638,0.8958
R1304,Data Analyst,0.7626,0.4479,0.9912
R1305,ML Engineer,0.5792,0.2708,0.9375
R1306,Software Engineer,0.4313,0.2509,0.5283
R1307,Frontend Developer,0.3408,0.1725,0.288
R1308,Backend Developer,0.5028,0.1485,0.8963
R1309,Frontend Developer,0.526,0.3447,0.7575
R1310,Software Engineer,0.6128,0.3185,0.9521
R1311,ML Engineer,0.4875,0.1482,0.8703
R1312,Frontend Developer,0.4658,0.2525,0.6774
R1313,Backend Developer,0.3357,0.0571,0.447
R1314,ML Engineer,0.6246,0.2737,0.9691
R1315,Frontend Developer,0.6999,0.4198,0.979
R1316,Backend Developer,0.627,0.2809,0.9691
R1317,Data Scientist,0.2656,0.0467,0.1948
R1318,Backend Developer,0.5908,0.2725,0.9475
R1319,ML Engineer,0.5521,0.1898,0.939
R1320,Backend Developer,0.483,0.1347,0.8708
R1321,Backend Developer,0.4985,0.1622,0.8813
R1322,Software Engineer,0.4169,0.0507,0.786
R1323,Backend Developer,0.6154,0.3262,0.952
R1324,Software Engineer,0.5532,0.2597,0.9124
R1325,Backend Developer,0.5896,0.3189,0.9259
R1326,Backend Developer,0.5311,0.2807,0.8527
R1327,ML Engineer,0.6698,0.3293,0.9796
R1328,Data Analyst,0.178,0.0841,0.0375
R1329,Frontend Developer,0.6564,0.3691,0.9682
R1330,ML Engineer,0.4903,0.2508,0.7678
R1331,Frontend Developer,0.4811,0.1934,0.811
R1332,Backend Developer,0.4469,0.1908,0.7012
R1333,Data Analyst,0.4288,0.2328,0.5601
R1334,Software Engineer,0.4519,0.3558,0.4481
R1335,Frontend Developer,0.6244,0.3304,0.9574
R1336,ML Engineer,0.39,0.3201,0.2489
R1337,Software Engineer,0.5114,0.1741,0.8955
R1338,Software Engineer,0.6365,0.3667,0.9569
R1339,Data Analyst,0.6294,0.2881,0.969
R1340,Data Scientist,0.5594,0.2497,0.9244
R1341,Frontend Developer,0.4589,0.3933,0.404
R1342,Frontend Developer,0.5988,0.2765,0.9527
R1343,Backend Developer,0.4954,0.1719,0.8694
R1344,Frontend Developer,0.1793,0.088,0.0374
R1345,Backend Developer,0.5376,0.2129,0.9136
R1346,Software Engineer,0.6294,0.2882,0.969
R1347,Software Engineer,0.5003,0.141,0.8965
R1348,Backend Developer,0.4893,0.1678,0.8603
R1349,Frontend Developer,0.4162,0.0486,0.7862
R1350,Data Scientist,0.2408,0.1724,0.0618
R1351,Software Engineer,0.4256,0.0767,0.7846
R1352,ML Engineer,0.6723,0.3598,0.9767
R1353,Software Engineer,0.4292,0.0875,0.7841
R1354,Software Engineer,0.4346,0.1037,0.7832
R1355,Backend Developer,0.2906,0.0467,0.2758
R1356,Data Scientist,0.7019,0.3722,0.9845
R1357,ML Engineer,0.3692,0.1683,0.4083
R1358,Frontend Developer,0.4229,0.0686,0.7851
R1359,Data Analyst,0.4848,0.3992,0.5175
R1360,ML Engineer,0.5302,0.2978,0.8335
R1361,Backend Developer,0.4942,0.1825,0.8598
R1362,Data Analyst,0.6081,0.3244,0.9467
R1363,Frontend Developer,0.5086,0.1923,0.8803
R1364,Software Engineer,0.5004,0.1677,0.8811
R1365,Frontend Developer,0.4019,0.1808,0.525
R1366,Data Scientist,0.6648,0.3943,0.968
R1367,ML Engineer,0.4845,0.1392,0.8706
R1368,Data Analyst,0.5091,0.1673,0.8957
R1369,Software Engineer,0.2702,0.0605,0.1941
R1370,ML Engineer,0.6656,0.3398,0.9768
R1371,Data Scientist,0.4874,0.1621,0.8606
R1372,ML Engineer,0.2942,0.1308,0.1835
R1373,Software Engineer,0.5476,0.2428,0.9128
R1374,Data Analyst,0.4288,0.0863,0.7841
R1375,Data Scientist,0.4935,0.1805,0.8598
R1376,ML Engineer,0.4835,0.1362,0.8707
R1377,ML Engineer,0.531,0.1929,0.9141
R1378,Frontend Developer,0.4892,0.1344,0.8822
R1379,Data Scientist,0.585,0.2351,0.9533
R1380,Frontend Developer,0.305,0.1982,0.1413
R1381,Software Engineer,0.3241,0.0722,0.3728
R1382,Data Analyst,0.3659,0.1977,0.3404
R1383,Backend Developer,0.5681,0.2759,0.9239
R1384,Software Engineer,0.4749,0.1248,0.862
R1385,Backend Developer,0.5722,0.2498,0.9379
R1386,Backend Developer,0.732,0.3959,0.9892
R1387,Data Scientist,0.4406,0.1219,0.7822
R1388,Data Scientist,0.5437,0.231,0.9131
R1389,Data Scientist,0.4056,0.2503,0.4233
R1390,Data Scientist,0.3049,0.2362,0.1163
R1391,Backend Developer,0.5918,0.2555,0.953
R1392,Data Scientist,0.6494,0.3483,0.9684
R1393,Backend Developer,0.4975,0.1781,0.8692
R1394,Data Analyst,0.5522,0.2567,0.9124
R1395,Data Scientist,0.4856,0.1424,0.8705
R1396,Frontend Developer,0.6546,0.3637,0.9683
R1397,Data Scientist,0.4693,0.1955,0.7737
R1398,ML Engineer,0.6734,0.3402,0.9795
R1399,Backend Developer,0.5205,0.2016,0.8947
R1400,ML Engineer,0.6893,0.4108,0.9763
R1401,Frontend Developer,0.304,0.2619,0.1003
R1402,Data Scientist,0.3482,0.2747,0.1775
R1403,Backend Developer,0.5,0.1668,0.8811
R1404,ML Engineer,0.4565,0.3863,0.4046
R1405,Data Scientist,0.5063,0.1855,0.8805
R1406,Software Engineer,0.7192,0.4244,0.9843
R1407,Data Scientist,0.4218,0.0653,0.7853
R1408,Data Analyst,0.4256,0.0768,0.7846
R1409,Data Scientist,0.4263,0.0788,0.7845
R1410,Frontend Developer,0.2492,0.0476,0.1516
R1411,Data Scientist,0.4417,0.125,0.782
R1412,Software Engineer,0.4857,0.1237,0.8826
R1413,Software Engineer,0.2988,0.163,0.1646
R1414,Data Scientist,0.4586,0.1634,0.7755
R1415,Data Scientist,0.4857,0.1571,0.8607
R1416,Backend Developer,0.56,0.2133,0.9386
R1417,Software Engineer,0.4223,0.2918,0.416
R1418,ML Engineer,0.6747,0.367,0.9766
R1419,ML Engineer,0.5621,0.2576,0.9243
R1420,Data Scientist,0.6062,0.2985,0.9524
R1421,ML Engineer,0.4948,0.3846,0.5956
R1422,Frontend Developer,0.6722,0.3594,0.9767
R1423,Data Analyst,0.3164,0.2326,0.14
R1424,Backend Developer,0.4217,0.065,0.7853
R1425,Frontend Developer,0.5704,0.2446,0.938
R1426,Data Scientist,0.4441,0.3573,0.411
R1427,Software Engineer,0.6213,0.4673,0.8876
R1428,ML Engineer,0.7699,0.4698,0.9911
R1429,Backend Developer,0.3873,0.1284,0.5501
R1430,Software Engineer,0.572,0.3575,0.8689
R1431,Software Engineer,0.5301,0.1904,0.9141
R1432,Data Analyst,0.6335,0.3004,0.9689
R1433,Software Engineer,0.396,0.2215,0.4256
R1434,Frontend Developer,0.4212,0.0637,0.7854
R1435,Data Scientist,0.3304,0.1579,0.2654
R1436,Data Scientist,0.4283,0.085,0.7842
R1437,Frontend Developer,0.517,0.1911,0.895
R1438,Frontend Developer,0.6018,0.2853,0.9526
R1439,ML Engineer,0.5132,0.1795,0.8954
R1440,ML Engineer,0.4054,0.1997,0.5024
R1441,Backend Developer,0.6421,0.3942,0.9511
R1442,ML Engineer,0.4212,0.0637,0.7854
R1443,ML Engineer,0.5622,0.2582,0.9243
R1444,Data Analyst,0.5122,0.1766,0.8955
R1445,Data Scientist,0.6082,0.2816,0.958
R1446,Data Analyst,0.4981,0.1944,0.8593
R1447,Software Engineer,0.5223,0.1669,0.9147
R1448,Backend Developer,0.4214,0.0642,0.7853
R1449,Frontend Developer,0.5716,0.2481,0.938
R1450,Backend Developer,0.4999,0.2497,0.8003
R1451,Data Analyst,0.5169,0.2173,0.8794
R1452,Software Engineer,0.561,0.2163,0.9385
R1453,ML Engineer,0.6822,0.3896,0.9765
R1454,ML Engineer,0.5332,0.1995,0.9139
R1455,Backend Developer,0.4341,0.1022,0.7833
R1456,Software Engineer,0.4999,0.2497,0.8003
R1457,Software Engineer,0.6092,0.3276,0.9466
R1458,Software Engineer,0.6934,0.3468,0.9847
R1459,Data Scientist,0.7483,0.4448,0.989
R1460,Backend Developer,0.4262,0.0786,0.7845
R1461,Frontend Developer,0.279,0.087,0.1928
R1462,Software Engineer,0.1726,0.0678,0.0377
R1463,Software Engineer,0.5874,0.2621,0.9477
R1464,Data Scientist,0.6412,0.3237,0.9687
R1465,Data Scientist,0.4263,0.0789,0.7845
R1466,Data Analyst,0.5435,0.2019,0.9255
R1467,Backend Developer,0.5557,0.2003,0.9388
R1468,Data Analyst,0.6567,0.3701,0.9682
R1469,Backend Developer,0.5629,0.2221,0.9384
R1470,Data Scientist,0.5928,0.5283,0.74
R1471,Frontend Developer,0.5795,0.2386,0.948
R1472,Data Analyst,0.6914,0.417,0.9763
R1473,Backend Developer,0.6372,0.3115,0.9688
R1474,Data Scientist,0.5736,0.2541,0.9378
R1475,Backend Developer,0.7256,0.4434,0.9842
R1476,ML Engineer,0.5027,0.148,0.8963
R1477,Software Engineer,0.4929,0.1644,0.8697
R1478,Software Engineer,0.4219,0.2492,0.4985
R1479,Software Engineer,0.5859,0.2576,0.9477
R1480,Backend Developer,0.536,0.208,0.9137
R1481,ML Engineer,0.2683,0.1051,0.1493
R1482,ML Engineer,0.245,0.1517,0.0739
R1483,Backend Developer,0.4958,0.1732,0.8694
R1484,Backend Developer,0.7018,0.3722,0.9845
R1485,Frontend Developer,0.5238,0.1715,0.9146
R1486,Backend Developer,0.5536,0.2607,0.9123
R1487,Frontend Developer,0.6543,0.3628,0.9683
R1488,Software Engineer,0.4387,0.1162,0.7825
R1489,Backend Developer,0.2358,0.1239,0.0745
R1490,Backend Developer,0.648,0.3439,0.9685
R1491,Frontend Developer,0.5623,0.2584,0.9242
R1492,Data Scientist,0.4357,0.1071,0.783
R1493,Data Analyst,0.5109,0.1726,0.8956
R1494,Backend Developer,0.5843,0.233,0.9533
R1495,Software Engineer,0.3191,0.1824,0.1959
R1496,Software Engineer,0.57,0.2432,0.938
R1497,Software Engineer,0.6468,0.3404,0.9685
R1498,Backend Developer,0.3534,0.1208,0.412
R1499,Data Analyst,0.5908,0.3059,0.9369
R1500,Software Engineer,0.4191,0.2405,0.4991
R1501,Backend Developer,0.4837,0.1511,0.861
R1502,Data Scientist,0.4291,0.0873,0.7841
R1503,ML Engineer,0.5627,0.2215,0.9384
R1504,Data Analyst,0.4218,0.0653,0.7853
R1505,Frontend Developer,0.3539,0.1955,0.2931
R1506,Data Analyst,0.3297,0.3105,0.1139
R1507,Software Engineer,0.4205,0.0616,0.7855
R1508,Backend Developer,0.577,0.2643,0.9377
R1509,ML Engineer,0.4974,0.1779,0.8692
R1510,ML Engineer,0.4864,0.4378,0.4522
R1511,ML Engineer,0.5991,0.2774,0.9527
R1512,Backend Developer,0.49,0.1367,0.8821
R1513,Backend Developer,0.298,0.2441,0.1008
R1514,Software Engineer,0.5557,0.2004,0.9388
R1515,Software Engineer,0.5008,0.169,0.8811
R1516,Frontend Developer,0.5957,0.267,0.9528
R1517,Backend Developer,0.4205,0.0616,0.7855
R1518,Frontend Developer,0.5384,0.2151,0.9135
R1519,Data Scientist,0.5884,0.2653,0.9476
R1520,ML Engineer,0.1669,0.0508,0.0379
R1521,ML Engineer,0.3816,0.2699,0.2919
R1522,ML Engineer,0.7146,0.4272,0.9814
R1523,Frontend Developer,0.3718,0.1653,0.4137
R1524,Software Engineer,0.2619,0.0859,0.1501
R1525,ML Engineer,0.6644,0.3933,0.968
R1526,Data Analyst,0.6178,0.3533,0.9462
R1527,Data Analyst,0.6309,0.2928,0.9689
R1528,ML Engineer,0.5155,0.1865,0.8952
R1529,Data Scientist,0.614,0.299,0.9578
R1530,Software Engineer,0.3427,0.168,0.2945
R1531,ML Engineer,0.4671,0.2763,0.651
R1532,ML Engineer,0.6958,0.3542,0.9846
R1533,ML Engineer,0.5373,0.2118,0.9136
R1534,ML Engineer,0.5172,0.2181,0.8794
R1535,Frontend Developer,0.5535,0.2319,0.9248
R1536,Frontend Developer,0.4715,0.2896,0.6501
R1537,Backend Developer,0.494,0.1678,0.8696
R1538,Backend Developer,0.3609,0.1577,0.3901
R1539,Data Scientist,0.5324,0.1971,0.9139
R1540,Data Analyst,0.5194,0.1981,0.8948
R1541,Software Engineer,0.4892,0.1341,0.8822
R1542,Frontend Developer,0.2367,0.1457,0.0671
R1543,Backend Developer,0.5581,0.2076,0.9387
R1544,ML Engineer,0.4225,0.0674,0.7852
R1545,ML Engineer,0.2758,0.1775,0.1028
R1546,Backend Developer,0.5707,0.2455,0.938
R1547,Frontend Developer,0.3249,0.2247,0.1641
R1548,Backend Developer,0.4902,0.1563,0.87
R1549,Data Scientist,0.4547,0.3809,0.405
R1550,Frontend Developer,0.2789,0.1866,0.1025
R1551,Software Engineer,0.549,0.2185,0.9251
R1552,Backend Developer,0.4766,0.3749,0.5194
R1553,Data Scientist,0.4432,0.1296,0.7818
R1554,Data Scientist,0.4883,0.1507,0.8702
R1555,Data Scientist,0.445,0.1349,0.7815
R1556,Data Analyst,0.7208,0.4289,0.9843
R1557,Data Scientist,0.4913,0.1596,0.8699
R1558,Frontend Developer,0.4343,0.103,0.7832
R1559,Data Analyst,0.4955,0.1533,0.8816
R1560,Software Engineer,0.4842,0.1382,0.8707
R1561,ML Engineer,0.6282,0.2845,0.969
R1562,Software Engineer,0.3573,0.1618,0.3614
R1563,Software Engineer,0.3505,0.3014,0.1608
R1564,Frontend Developer,0.4672,0.2765,0.651
R1565,Backend Developer,0.71,0.5051,0.9652
R1566,ML Engineer,0.5242,0.1727,0.9146
R1567,Backend Developer,0.5979,0.2938,0.9472
R1568,Backend Developer,0.5511,0.3034,0.8727
R1569,ML Engineer,0.7099,0.4297,0.9811
R1570,ML Engineer,0.6315,0.2946,0.9689
R1571,Data Scientist,0.4327,0.0982,0.7835
R1572,Data Scientist,0.517,0.1911,0.895
R1573,Software Engineer,0.5263,0.1788,0.9144
R1574,Data Scientist,0.4985,0.1621,0.8813
R1575,Backend Developer,0.2672,0.0516,0.1946
R1576,Backend Developer,0.4192,0.0575,0.7857
R1577,Frontend Developer,0.6102,0.3106,0.9522
R1578,Data Analyst,0.4318,0.0955,0.7836
R1579,Data Analyst,0.3309,0.0928,0.3713
R1580,Backend Developer,0.4176,0.0529,0.7859
R1581,Data Scientist,0.5946,0.3171,0.9367
R1582,Frontend Developer,0.4995,0.22,0.8329
R1583,Data Analyst,0.4308,0.0925,0.7838
R1584,Software Engineer,0.3959,0.2027,0.4679
R1585,Frontend Developer,0.363,0.2224,0.2881
R1586,Software Engineer,0.6351,0.3054,0.9688
R1587,Backend Developer,0.5325,0.1974,0.9139
R1588,Backend Developer,0.5429,0.2286,0.9132
R1589,Backend Developer,0.4401,0.1202,0.7823
R1590,Data Scientist,0.2586,0.1658,0.0843
R1591,ML Engineer,0.3678,0.145,0.4359
R1592,Frontend Developer,0.4755,0.1854,0.8007
R1593,Software Engineer,0.4154,0.0463,0.7863
R1594,Data Analyst,0.4299,0.0898,0.7839
R1595,Backend Developer,0.5688,0.2398,0.9381
R1596,Data Analyst,0.4942,0.1682,0.8696
R1597,ML Engineer,0.5466,0.2114,0.9253
R1598,Data Analyst,0.446,0.2845,0.5561
R1599,Frontend Developer,0.3032,0.1931,0.1415
R1600,Data Scientist,0.6197,0.3162,0.9576
R1601,Data Scientist,0.5364,0.2091,0.9136
R1602,ML Engineer,0.3075,0.2081,0.1488
R1603,Data Scientist,0.4282,0.0845,0.7842
R1604,Frontend Developer,0.3454,0.1528,0.3287
R1605,Data Scientist,0.3733,0.2199,0.3388
R1606,Backend Developer,0.4427,0.378,0.3616
R1607,Software Engineer,0.6824,0.39,0.9765
R1608,Data Analyst,0.5106,0.1983,0.8801
R1609,Data Analyst,0.5428,0.2683,0.8927
R1610,ML Engineer,0.4238,0.0715,0.7849
R1611,Backend Developer,0.6124,0.2943,0.9579
R1612,Data Analyst,0.4376,0.1128,0.7827
R1613,Data Scientist,0.508,0.1641,0.8958
R1614,Backend Developer,0.4167,0.05,0.7861
R1615,Backend Developer,0.5836,0.2508,0.9478
R1616,Data Analyst,0.3845,0.3607,0.1925
R1617,ML Engineer,0.3989,0.2766,0.3483
R1618,Frontend Developer,0.5663,0.2702,0.924
R1619,Frontend Developer,0.5933,0.28,0.9474
R1620,Backend Developer,0.5305,0.1916,0.9141
R1621,Software Engineer,0.6842,0.3727,0.9793
R1622,Data Scientist,0.5351,0.2052,0.9137
R1623,Software Engineer,0.4865,0.1595,0.8606
R1624,ML Engineer,0.5144,0.4933,0.4872
R1625,ML Engineer,0.3442,0.0826,0.445
R1626,Software Engineer,0.2641,0.0922,0.1498
R1627,Software Engineer,0.5177,0.2739,0.8283
R1628,Data Analyst,0.527,0.221,0.8941
R1629,Frontend Developer,0.2215,0.1146,0.0629
R1630,Software Engineer,0.4909,0.1583,0.8699
R1631,Software Engineer,0.5023,0.1468,0.8963
R1632,Data Scientist,0.182,0.096,0.0374
R1633,Backend Developer,0.6147,0.3013,0.9578
R1634,Backend Developer,0.3451,0.2854,0.1615
R1635,Frontend Developer,0.2985,0.0704,0.2743
R1636,Frontend Developer,0.59,0.2501,0.9531
R1637,Frontend Developer,0.3943,0.333,0.2482
R1638,Backend Developer,0.5036,0.1507,0.8962
R1639,ML Engineer,0.594,0.2819,0.9473
R1640,Software Engineer,0.4302,0.0907,0.7839
R1641,Data Analyst,0.2005,0.1514,0.0367
R1642,Backend Developer,0.5155,0.1866,0.8952
R1643,Software Engineer,0.3976,0.3427,0.2476
R1644,ML Engineer,0.4277,0.0832,0.7843
R1645,Backend Developer,0.4258,0.0773,0.7846
R1646,Frontend Developer,0.31,0.1326,0.2244
R1647,Data Scientist,0.5947,0.2842,0.9473
R1648,ML Engineer,0.3643,0.0805,0.5394
R1649,Data Scientist,0.4289,0.0866,0.7841
R1650,Software Engineer,0.4457,0.2871,0.5416
R1651,Software Engineer,0.6734,0.3401,0.9795
R1652,Data Scientist,0.5733,0.2534,0.9379
R1653,Data Scientist,0.509,0.1936,0.8802
R1654,Backend Developer,0.4309,0.0926,0.7838
R1655,Backend Developer,0.3774,0.0572,0.6325
R1656,ML Engineer,0.4166,0.0498,0.7861
R1657,ML Engineer,0.5286,0.1857,0.9142
R1658,Backend Developer,0.7201,0.4268,0.9843
R1659,Frontend Developer,0.5581,0.2077,0.9387
R1660,Frontend Developer,0.51,0.2508,0.8293
R1661,Backend Developer,0.4115,0.1511,0.6216
R1662,Data Analyst,0.4949,0.1846,0.8597
R1663,Frontend Developer,0.4795,0.1384,0.8615
R1664,Backend Developer,0.6962,0.3551,0.9846
R1665,Data Scientist,0.635,0.305,0.9688
R1666,ML Engineer,0.4953,0.1527,0.8816
R1667,Backend Developer,0.6067,0.3002,0.9523
R1668,ML Engineer,0.415,0.0451,0.7863
R1669,Frontend Developer,0.4994,0.1649,0.8812
R1670,Data Scientist,0.4273,0.0818,0.7844
R1671,Software Engineer,0.4205,0.0616,0.7855
R1672,Data Scientist,0.4447,0.134,0.7815
R1673,ML Engineer,0.6718,0.3582,0.9767
R1674,Data Scientist,0.5633,0.2231,0.9384
R1675,Frontend Developer,0.3099,0.2214,0.1426
R1676,ML Engineer,0.5138,0.3705,0.6798
R1677,ML Engineer,0.6879,0.3303,0.9847
R1678,Frontend Developer,0.6372,0.3658,0.9536
R1679,Backend Developer,0.415,0.0449,0.7864
R1680,Software Engineer,0.7083,0.3916,0.9844
R1681,Frontend Developer,0.6536,0.3608,0.9683
R1682,ML Engineer,0.5469,0.2406,0.9129
R1683,Backend Developer,0.4661,0.3055,0.5983
R1684,ML Engineer,0.4972,0.1582,0.8814
R1685,Data Analyst,0.5045,0.1991,0.8685
R1686,ML Engineer,0.4816,0.1447,0.8612
R1687,Frontend Developer,0.6069,0.3007,0.9523
R1688,Data Scientist,0.5938,0.3148,0.9367
R1689,Data Analyst,0.4065,0.2529,0.4231
R1690,Data Analyst,0.4111,0.2904,0.3766
R1691,Backend Developer,0.4163,0.049,0.7861
R1692,Software Engineer,0.6176,0.3327,0.9519
R1693,Data Analyst,0.4264,0.0793,0.7845
R1694,Data Scientist,0.6034,0.2903,0.9525
R1695,Data Analyst,0.53,0.1901,0.9141
R1696,Backend Developer,0.424,0.0721,0.7849
R1697,Software Engineer,0.5524,0.3073,0.8726
R1698,Software Engineer,0.5588,0.3265,0.8719
R1699,ML Engineer,0.5601,0.2136,0.9386
R1700,Software Engineer,0.3476,0.1829,0.2935
R1701,Software Engineer,0.4907,0.1387,0.8821
R1702,ML Engineer,0.5311,0.1932,0.914
R1703,Data Analyst,0.5252,0.1756,0.9145
R1704,Data Scientist,0.4326,0.0977,0.7835
R1705,ML Engineer,0.1693,0.058,0.0378
R1706,ML Engineer,0.3127,0.2216,0.1404
R1707,Data Scientist,0.5079,0.2094,0.8681
R1708,Backend Developer,0.5641,0.2256,0.9384
R1709,Frontend Developer,0.421,0.0631,0.7854
R1710,Data Scientist,0.8379,0.5137,0.9963
R1711,Data Scientist,0.5358,0.2073,0.9137
R1712,Frontend Developer,0.5521,0.2277,0.9249
R1713,ML Engineer,0.6785,0.4356,0.9675
R1714,Software Engineer,0.4174,0.0522,0.786
R1715,ML Engineer,0.6115,0.4346,0.8943
R1716,Data Scientist,0.3168,0.2338,0.14
R1717,ML Engineer,0.509,0.1936,0.8802
R1718,Software Engineer,0.6018,0.3055,0.947
R1719,Software Engineer,0.536,0.2079,0.9137
R1720,Backend Developer,0.5749,0.2581,0.9378
R1721,Software Engineer,0.5844,0.2865,0.9372
R1722,ML Engineer,0.5197,0.199,0.8948
R1723,Data Analyst,0.7299,0.3898,0.9892
R1724,Data Scientist,0.428,0.0841,0.7843
R1725,Data Analyst,0.5606,0.2151,0.9386
R1726,Data Scientist,0.4192,0.2325,0.5209
R1727,Data Analyst,0.4531,0.3219,0.5073
R1728,Data Scientist,0.3268,0.2053,0.1947
R1729,Data Analyst,0.5339,0.2016,0.9138
R1730,Software Engineer,0.5201,0.2003,0.8947
R1731,ML Engineer,0.4965,0.1751,0.8693
R1732,Software Engineer,0.5605,0.2147,0.9386
R1733,ML Engineer,0.4219,0.0656,0.7852
R1734,Data Scientist,0.6113,0.314,0.9521
R1735,Backend Developer,0.4276,0.0829,0.7843
R1736,Frontend Developer,0.502,0.1461,0.8964
R1737,Frontend Developer,0.4205,0.0614,0.7855
R1738,Frontend Developer,0.4223,0.067,0.7852
R1739,Data Scientist,0.704,0.3785,0.9845
R1740,Data Analyst,0.6053,0.316,0.9468
R1741,Data Analyst,0.5109,0.1726,0.8956
R1742,Frontend Developer,0.5338,0.2013,0.9138
R1743,Data Analyst,0.4917,0.1607,0.8699
R1744,Data Scientist,0.4313,0.094,0.7837
R1745,Frontend Developer,0.4216,0.0649,0.7853
R1746,Frontend Developer,0.671,0.3329,0.9796
R1747,Data Analyst,0.4776,0.1184,0.8714
R1748,Frontend Developer,0.4761,0.2605,0.704
R1749,Data Analyst,0.5409,0.2227,0.9133
R1750,Frontend Developer,0.5155,0.1864,0.8952
R1751,Backend Developer,0.6277,0.2832,0.969
R1752,Data Scientist,0.4267,0.3226,0.3979
R1753,Backend Developer,0.5528,0.3083,0.8726
R1754,Data Analyst,0.5183,0.195,0.8949
R1755,Data Analyst,0.3688,0.1813,0.3883
R1756,Software Engineer,0.4284,0.0851,0.7842
R1757,Software Engineer,0.5648,0.2277,0.9383
R1758,Backend Developer,0.3056,0.0917,0.2729
R1759,Software Engineer,0.507,0.296,0.7634
R1760,ML Engineer,0.4058,0.1575,0.584
R1761,Frontend Developer,0.4886,0.1326,0.8823
R1762,Backend Developer,0.5348,0.2045,0.9138
R1763,Backend Developer,0.702,0.3727,0.9845
R1764,Frontend Developer,0.291,0.1398,0.1656
R1765,Frontend Developer,0.6156,0.3039,0.9577
R1766,Data Scientist,0.708,0.3905,0.9845
R1767,Frontend Developer,0.6485,0.3454,0.9684
R1768,Frontend Developer,0.5366,0.2097,0.9136
R1769,Backend Developer,0.6308,0.2925,0.969
R1770,ML Engineer,0.4218,0.0653,0.7853
R1771,Data Analyst,0.5226,0.3427,0.7607
R1772,ML Engineer,0.5235,0.1706,0.9146
R1773,Data Analyst,0.4296,0.0889,0.784
R1774,ML Engineer,0.6385,0.3154,0.9687
R1775,ML Engineer,0.6388,0.3164,0.9687
R1776,Frontend Developer,0.4199,0.0598,0.7856
R1777,Data Scientist,0.681,0.3859,0.9765
R1778,ML Engineer,0.5645,0.2269,0.9383
R1779,Data Scientist,0.485,0.1216,0.8826
R1780,Data Analyst,0.5581,0.2077,0.9387
R1781,ML Engineer,0.7277,0.4497,0.9842
R1782,Software Engineer,0.512,0.1761,0.8955
R1783,Data Scientist,0.706,0.3845,0.9845
R1784,Backend Developer,0.576,0.378,0.8701
R1785,Frontend Developer,0.5346,0.2039,0.9138
R1786,Backend Developer,0.5821,0.2795,0.9374
R1787,Backend Developer,0.7016,0.4049,0.9813
R1788,Software Engineer,0.8453,0.536,0.9962
R1789,Software Engineer,0.4786,0.2232,0.7721
R1790,Software Engineer,0.4896,0.1354,0.8822
R1791,Data Analyst,0.3812,0.1852,0.4327
R1792,Frontend Developer,0.2804,0.1911,0.1024
R1793,Frontend Developer,0.5075,0.2433,0.8297
R1794,Data Analyst,0.5532,0.2595,0.9124
R1795,Software Engineer,0.3639,0.1666,0.3895
R1796,Frontend Developer,0.4694,0.1081,0.8626
R1797,Software Engineer,0.4907,0.1721,0.8602
R1798,Frontend Developer,0.6817,0.3652,0.9794
R1799,Data Scientist,0.5435,0.2306,0.9131
R1800,ML Engineer,0.7445,0.4334,0.9891
R1801,Frontend Developer,0.7001,0.3671,0.9846
R1802,Backend Developer,0.4982,0.2155,0.8309
R1803,Data Analyst,0.5255,0.1766,0.9145
R1804,Data Scientist,0.4451,0.1354,0.7815
R1805,Data Analyst,0.4364,0.1092,0.7829
R1806,Software Engineer,0.4277,0.083,0.7843
R1807,ML Engineer,0.4749,0.2121,0.7728
R1808,Frontend Developer,0.3466,0.2064,0.2624
R1809,Data Analyst,0.5267,0.1802,0.9144
R1810,Backend Developer,0.5609,0.2161,0.9385
R1811,Frontend Developer,0.3093,0.1928,0.1628
R1812,Backend Developer,0.5021,0.1462,0.8964
R1813,Backend Developer,0.383,0.245,0.3351
R1814,Backend Developer,0.3444,0.1732,0.2941
R1815,ML Engineer,0.4823,0.1326,0.8709
R1816,Data Scientist,0.586,0.2579,0.9477
R1817,Software Engineer,0.4718,0.1987,0.772
R1818,Software Engineer,0.489,0.1528,0.8701
R1819,Backend Developer,0.4874,0.1479,0.8703
R1820,Data Scientist,0.431,0.0931,0.7838
R1821,Frontend Developer,0.3199,0.2431,0.1396
R1822,Software Engineer,0.5355,0.2064,0.9137
R1823,Frontend Developer,0.5591,0.2106,0.9386
R1824,Data Analyst,0.5631,0.2226,0.9384
R1825,Frontend Developer,0.3476,0.2928,0.1612
R1826,Backend Developer,0.5323,0.2643,0.8667
R1827,Software Engineer,0.5629,0.2222,0.9384
R1828,Frontend Developer,0.3714,0.2641,0.2523
R1829,Data Analyst,0.5993,0.278,0.9527
R1830,ML Engineer,0.5266,0.1799,0.9144
R1831,Software Engineer,0.593,0.2589,0.9529
R1832,ML Engineer,0.4947,0.1699,0.8695
R1833,Data Scientist,0.4817,0.2325,0.7716
R1834,Backend Developer,0.6412,0.3237,0.9686
R1835,ML Engineer,0.5841,0.2322,0.9533
R1836,Software Engineer,0.4348,0.1044,0.7832
R1837,Software Engineer,0.2749,0.1247,0.1422
R1838,Data Analyst,0.6342,0.3027,0.9689
R1839,Data Analyst,0.5613,0.2838,0.9117
R1840,Frontend Developer,0.5376,0.2127,0.9136
R1841,Data Analyst,0.5417,0.1964,0.9256
R1842,Data Scientist,0.4458,0.1375,0.7814
R1843,Data Analyst,0.6427,0.328,0.9686
R1844,Frontend Developer,0.4608,0.174,0.7764
R1845,Data Analyst,0.4936,0.1664,0.8696
R1846,Backend Developer,0.55,0.25,0.9126
R1847,Software Engineer,0.2309,0.1284,0.0675
R1848,Frontend Developer,0.629,0.287,0.969
R1849,Backend Developer,0.5728,0.2518,0.9379
R1850,Data Analyst,0.5344,0.2031,0.9138
R1851,Frontend Developer,0.3912,0.2535,0.35
R1852,Data Analyst,0.4957,0.1537,0.8816
R1853,Software Engineer,0.5211,0.3205,0.786
R1854,Data Analyst,0.6895,0.4115,0.9763
R1855,ML Engineer,0.4172,0.0516,0.786
R1856,ML Engineer,0.5075,0.1625,0.8959
R1857,Frontend Developer,0.4964,0.1291,0.8969
R1858,Frontend Developer,0.6486,0.3457,0.9684
R1859,Data Scientist,0.516,0.188,0.8951
R1860,Software Engineer,0.5885,0.2454,0.9531
R1861,Data Scientist,0.5515,0.2259,0.925
R1862,Software Engineer,0.1705,0.0616,0.0377
R1863,Frontend Developer,0.5636,0.2242,0.9384
R1864,Frontend Developer,0.5219,0.2056,0.8946
R1865,ML Engineer,0.5679,0.2371,0.9382
R1866,Frontend Developer,0.5876,0.2427,0.9532
R1867,Data Analyst,0.5842,0.2861,0.9372
R1868,ML Engineer,0.4209,0.0628,0.7854
R1869,Software Engineer,0.3886,0.0908,0.63
R1870,ML Engineer,0.63,0.2899,0.969
R1871,Data Analyst,0.2963,0.2103,0.1172
R1872,Data Analyst,0.6243,0.3299,0.9574
R1873,Frontend Developer,0.5256,0.1767,0.9145
R1874,Software Engineer,0.429,0.087,0.7841
R1875,Software Engineer,0.3266,0.2047,0.1947
R1876,Backend Developer,0.305,0.1151,0.2334
R1877,ML Engineer,0.4077,0.373,0.2458
R1878,Software Engineer,0.321,0.2465,0.1395
R1879,Frontend Developer,0.452,0.2061,0.7002
R1880,Frontend Developer,0.576,0.2614,0.9377
R1881,Frontend Developer,0.6906,0.3386,0.9847
R1882,Data Analyst,0.6051,0.2954,0.9524
R1883,Backend Developer,0.6429,0.5538,0.8574
R1884,Software Engineer,0.6063,0.299,0.9524
R1885,Frontend Developer,0.415,0.0449,0.7864
R1886,Frontend Developer,0.492,0.1618,0.8698
R1887,Data Analyst,0.4219,0.0656,0.7852
R1888,Frontend Developer,0.4104,0.1669,0.5953
R1889,Data Analyst,0.4752,0.213,0.7727
R1890,Software Engineer,0.5252,0.1755,0.9145
R1891,Data Analyst,0.3304,0.2744,0.1384
R1892,Backend Developer,0.4829,0.1343,0.8708
R1893,ML Engineer,0.4602,0.1723,0.7765
R1894,Data Scientist,0.528,0.2697,0.8659
R1895,Backend Developer,0.4843,0.1781,0.8338
R1896,Backend Developer,0.4633,0.245,0.678
R1897,Software Engineer,0.571,0.2463,0.938
R1898,Data Analyst,0.3244,0.2564,0.1391
R1899,ML Engineer,0.6327,0.2982,0.9689
R1900,Software Engineer,0.3586,0.0634,0.5407
R1901,Frontend Developer,0.5021,0.173,0.8809
R1902,Frontend Developer,0.2661,0.0984,0.1495
R1903,Software Engineer,0.6357,0.3072,0.9688
R1904,Backend Developer,0.3382,0.2981,0.1375
R1905,Data Scientist,0.539,0.217,0.9134
R1906,Data Scientist,0.5656,0.2303,0.9383
R1907,ML Engineer,0.3782,0.2845,0.2511
R1908,Data Analyst,0.4089,0.1767,0.5753
R1909,Data Scientist,0.565,0.2284,0.9383
R1910,ML Engineer,0.5566,0.2572,0.9103
R1911,Data Scientist,0.6561,0.3682,0.9682
R1912,Data Scientist,0.6566,0.3126,0.977
R1913,Data Analyst,0.5621,0.2197,0.9385
R1914,Software Engineer,0.569,0.2786,0.9238
R1915,Backend Developer,0.4543,0.2342,0.667
R1916,ML Engineer,0.2289,0.1225,0.0676
R1917,Data Analyst,0.5158,0.1875,0.8951
R1918,ML Engineer,0.5462,0.2385,0.9129
R1919,Frontend Developer,0.5408,0.2223,0.9133
R1920,ML Engineer,0.4988,0.1365,0.8966
R1921,Data Scientist,0.6074,0.2794,0.958
R1922,Frontend Developer,0.695,0.3849,0.9814
R1923,Backend Developer,0.7052,0.4584,0.976
R1924,Data Analyst,0.4344,0.1031,0.7832
R1925,Data Analyst,0.4361,0.1084,0.7829
R1926,Software Engineer,0.6367,0.31,0.9688
R1927,Data Scientist,0.4369,0.3357,0.4126
R1928,Frontend Developer,0.416,0.0481,0.7862
R1929,Data Analyst,0.5991,0.2974,0.9471
R1930,Data Scientist,0.2569,0.0708,0.1507
R1931,Data Scientist,0.5124,0.1771,0.8954
R1932,Software Engineer,0.4754,0.1262,0.8619
R1933,Software Engineer,0.5395,0.2586,0.893
R1934,Frontend Developer,0.6073,0.2791,0.958
R1935,Data Scientist,0.4985,0.1621,0.8813
R1936,Software Engineer,0.5399,0.2196,0.9134
R1937,Frontend Developer,0.4992,0.1643,0.8812
R1938,Software Engineer,0.4568,0.1621,0.777
R1939,Backend Developer,0.4583,0.23,0.679
R1940,Frontend Developer,0.4772,0.2192,0.7724
R1941,Backend Developer,0.544,0.2319,0.9131
R1942,Frontend Developer,0.5056,0.1569,0.896
R1943,Software Engineer,0.5973,0.2718,0.9528
R1944,Software Engineer,0.683,0.3918,0.9765
R1945,Backend Developer,0.5038,0.1779,0.8808
R1946,Data Analyst,0.2791,0.0874,0.1928
R1947,Backend Developer,0.5435,0.2019,0.9255
R1948,Software Engineer,0.5726,0.2512,0.9379
R1949,Frontend Developer,0.5904,0.2513,0.953
R1950,Backend Developer,0.5569,0.3208,0.8721
R1951,ML Engineer,0.6201,0.3174,0.9576
R1952,Backend Developer,0.4279,0.0836,0.7843
R1953,Software Engineer,0.4783,0.2182,0.7709
R1954,Data Analyst,0.5457,0.2372,0.9129
R1955,Data Scientist,0.4244,0.0733,0.7848
R1956,Data Scientist,0.3639,0.2989,0.1956
R1957,Frontend Developer,0.5562,0.202,0.9388
R1958,Data Analyst,0.6087,0.3062,0.9523
R1959,Backend Developer,0.5591,0.2489,0.9245
R1960,Data Analyst,0.4434,0.2387,0.6108
R1961,Data Scientist,0.5643,0.2264,0.9384
R1962,Software Engineer,0.3562,0.202,0.2894
R1963,Data Scientist,0.6986,0.3626,0.9846
R1964,Frontend Developer,0.6371,0.3114,0.9688
R1965,Data Scientist,0.5055,0.1833,0.8806
R1966,Data Analyst,0.2969,0.2406,0.1009
R1967,Data Scientist,0.6576,0.3729,0.9682
R1968,Software Engineer,0.5582,0.2078,0.9387
R1969,Data Scientist,0.2892,0.2175,0.1016
R1970,Data Scientist,0.4799,0.3399,0.599
R1971,Frontend Developer,0.5562,0.202,0.9388
R1972,Backend Developer,0.3854,0.1713,0.4704
R1973,Frontend Developer,0.6355,0.3064,0.9688
R1974,ML Engineer,0.4282,0.0845,0.7842
R1975,Data Analyst,0.6556,0.3668,0.9682
R1976,Data Scientist,0.5063,0.1854,0.8805
R1977,Data Scientist,0.4342,0.3223,0.4286
R1978,Software Engineer,0.5072,0.1882,0.8804
R1979,Backend Developer,0.6065,0.2996,0.9524
R1980,ML Engineer,0.6952,0.3523,0.9846
R1981,Frontend Developer,0.5949,0.2846,0.9473
R1982,Software Engineer,0.4179,0.0536,0.7859
R1983,ML Engineer,0.4012,0.3086,0.3127
R1984,Backend Developer,0.5469,0.2406,0.9129
R1985,Software Engineer,0.4371,0.1112,0.7828
R1986,Software Engineer,0.4015,0.1878,0.5033
R1987,Frontend Developer,0.4982,0.1612,0.8813
R1988,Frontend Developer,0.5691,0.2407,0.9381
R1989,Data Analyst,0.5968,0.2703,0.9528
R1990,ML Engineer,0.4232,0.1197,0.7163
R1991,Backend Developer,0.7015,0.3711,0.9845
R1992,Data Scientist,0.4966,0.1565,0.8815
R1993,ML Engineer,0.5906,0.3052,0.9369
R1994,Backend Developer,0.4273,0.0818,0.7844
R1995,Data Scientist,0.4948,0.17,0.8695
R1996,Software Engineer,0.5138,0.208,0.8798
R1997,Data Scientist,0.5778,0.3833,0.8699
R1998,Frontend Developer,0.4294,0.3583,0.3378
R1999,ML Engineer,0.5474,0.2421,0.9128
R2000,Frontend Developer,0.5212,0.3387,0.7609
R2001,Frontend Developer,0.4866,0.1454,0.8704
R2002,Frontend Developer,0.5081,0.1644,0.8958
R2003,Backend Developer,0.6984,0.3618,0.9846
R2004,Data Analyst,0.5383,0.1863,0.9258
R2005,Data Analyst,0.4262,0.0787,0.7845
R2006,ML Engineer,0.7044,0.3797,0.9845
R2007,Backend Developer,0.4707,0.1121,0.8625
R2008,Frontend Developer,0.495,0.1518,0.8816
R2009,ML Engineer,0.7496,0.4488,0.989
R2010,Data Analyst,0.5862,0.2919,0.9371
R2011,ML Engineer,0.6279,0.4004,0.933
R2012,Software Engineer,0.4234,0.0703,0.785
R2013,Backend Developer,0.5019,0.1457,0.8964
R2014,Data Scientist,0.4241,0.0722,0.7849
R2015,Backend Developer,0.4216,0.0649,0.7853
R2016,Data Scientist,0.6752,0.3455,0.9795
R2017,Backend Developer,0.1865,0.1095,0.0372
R2018,Data Scientist,0.5076,0.1627,0.8959
R2019,Data Analyst,0.425,0.075,0.7847
R2020,Frontend Developer,0.4792,0.1232,0.8712
R2021,Data Scientist,0.4256,0.0767,0.7847
R2022,Data Analyst,0.631,0.2931,0.9689
R2023,Data Analyst,0.4185,0.0554,0.7858
R2024,ML Engineer,0.5167,0.1902,0.895
R2025,ML Engineer,0.3915,0.1496,0.5275
R2026,Frontend Developer,0.486,0.1246,0.8825
R2027,Data Scientist,0.5174,0.3272,0.7616
R2028,Data Analyst,0.6241,0.3724,0.9459
R2029,Data Scientist,0.5582,0.2461,0.9245
R2030,Backend Developer,0.2431,0.0917,0.1078
R2031,Backend Developer,0.1707,0.0622,0.0377
R2032,Data Analyst,0.2735,0.2104,0.0832
R2033,ML Engineer,0.5701,0.2438,0.938
R2034,Data Scientist,0.7415,0.4246,0.9891
R2035,Frontend Developer,0.5426,0.2277,0.9132
R2036,Software Engineer,0.4811,0.1932,0.8111
R2037,ML Engineer,0.4928,0.145,0.8819
R2038,Software Engineer,0.5122,0.2032,0.8799
R2039,ML Engineer,0.5055,0.1833,0.8806
R2040,Frontend Developer,0.459,0.1983,0.7328
R2041,Frontend Developer,0.6227,0.2682,0.9692
R2042,Software Engineer,0.1672,0.0517,0.0379
R2043,Backend Developer,0.4822,0.1322,0.8709
R2044,Backend Developer,0.6343,0.303,0.9689
R2045,Data Scientist,0.4975,0.1783,0.8692
R2046,Data Scientist,0.2971,0.0663,0.2745
R2047,Software Engineer,0.6403,0.3208,0.9687
R2048,Data Scientist,0.5118,0.1755,0.8955
R2049,Data Analyst,0.2299,0.0521,0.109
R2050,Backend Developer,0.5433,0.2298,0.9131
R2051,Data Analyst,0.6044,0.2702,0.9582
R2052,Software Engineer,0.5357,0.207,0.9137
R2053,Data Analyst,0.4989,0.1368,0.8966
R2054,Frontend Developer,0.4735,0.2039,0.7717
R2055,ML Engineer,0.2324,0.1473,0.0623
R2056,Software Engineer,0.5206,0.2017,0.8947
R2057,Data Scientist,0.4285,0.0856,0.7842
R2058,Frontend Developer,0.4857,0.2405,0.7697
R2059,Backend Developer,0.4051,0.1902,0.5242
R2060,Data Scientist,0.4802,0.1405,0.8614
R2061,Software Engineer,0.5075,0.1625,0.8959
R2062,Backend Developer,0.5575,0.2441,0.9246
R2063,Frontend Developer,0.5114,0.1742,0.8955
R2064,Software Engineer,0.5685,0.2389,0.9381
R2065,Data Scientist,0.3076,0.206,0.141
R2066,Data Scientist,0.4246,0.1638,0.6547
R2067,Data Analyst,0.5315,0.2345,0.8937
R2068,Frontend Developer,0.4223,0.067,0.7852
R2069,Backend Developer,0.4204,0.0611,0.7855
R2070,Data Scientist,0.6622,0.3866,0.968
R2071,Software Engineer,0.5719,0.2489,0.9379
R2072,Data Analyst,0.6505,0.4055,0.953
R2073,Software Engineer,0.4332,0.0997,0.7834
R2074,Backend Developer,0.6681,0.4042,0.9679
R2075,ML Engineer,0.4362,0.1087,0.7829
R2076,Data Analyst,0.433,0.2992,0.4651
R2077,Frontend Developer,0.4294,0.0883,0.784
R2078,ML Engineer,0.6441,0.3322,0.9686
R2079,Data Analyst,0.4192,0.0577,0.7857
R2080,ML Engineer,0.3683,0.3121,0.1949
R2081,Data Analyst,0.7288,0.453,0.9841
R2082,Backend Developer,0.3474,0.0921,0.4443
R2083,Software Engineer,0.5727,0.2515,0.9379
R2084,ML Engineer,0.6921,0.3431,0.9847
R2085,Data Scientist,0.4994,0.184,0.869
R2086,Backend Developer,0.4185,0.1453,0.6561
R2087,Frontend Developer,0.5023,0.1735,0.8809
R2088,Backend Developer,0.4809,0.1427,0.8613
R2089,Software Engineer,0.2664,0.0994,0.1495
R2090,ML Engineer,0.5448,0.206,0.9254
R2091,Software Engineer,0.4298,0.0893,0.784
R2092,Backend Developer,0.4348,0.1044,0.7832
R2093,Software Engineer,0.3818,0.1604,0.4712
R2094,Frontend Developer,0.3488,0.2763,0.1775
R2095,Frontend Developer,0.507,0.2961,0.7634
R2096,Data Scientist,0.5793,0.2713,0.9375
R2097,Data Scientist,0.5856,0.3069,0.9261
R2098,Data Analyst,0.5001,0.2004,0.8591
R2099,Backend Developer,0.4253,0.2509,0.5194
R2100,Data Analyst,0.4334,0.1002,0.7834
R2101,ML Engineer,0.3953,0.3358,0.248
R2102,Software Engineer,0.4738,0.3216,0.6004
R2103,Backend Developer,0.55,0.3,0.8728
R2104,Data Scientist,0.6413,0.3811,0.9567
R2105,Data Scientist,0.4274,0.2572,0.5189
R2106,Data Analyst,0.5606,0.3317,0.8717
R2107,Data Scientist,0.7104,0.3979,0.9844
R2108,Data Scientist,0.4907,0.1578,0.87
R2109,Backend Developer,0.429,0.087,0.7841
R2110,ML Engineer,0.5466,0.2114,0.9253
R2111,Backend Developer,0.418,0.0539,0.7859
R2112,Backend Developer,0.4539,0.3783,0.4052
R2113,Data Analyst,0.5935,0.2606,0.9529
R2114,Software Engineer,0.6381,0.3144,0.9687
R2115,Data Analyst,0.4264,0.3041,0.4151
R2116,Software Engineer,0.4206,0.0619,0.7854
R2117,Frontend Developer,0.4325,0.0974,0.7835
R2118,Data Analyst,0.5129,0.1788,0.8954
R2119,Data Analyst,0.4286,0.0857,0.7842
R2120,Frontend Developer,0.6963,0.3554,0.9846
R2121,ML Engineer,0.6146,0.301,0.9578
R2122,ML Engineer,0.5112,0.2001,0.88
R2123,Data Analyst,0.5653,0.2293,0.9383
R2124,ML Engineer,0.531,0.1929,0.9141
R2125,Data Scientist,0.5897,0.2691,0.9475
R2126,Data Scientist,0.6128,0.2954,0.9578
R2127,Frontend Developer,0.6713,0.3339,0.9796
R2128,Frontend Developer,0.6393,0.3178,0.9687
R2129,Frontend Developer,0.6364,0.3092,0.9688
R2130,Backend Developer,0.504,0.1521,0.8962
R2131,Software Engineer,0.4213,0.2438,0.4972
R2132,Software Engineer,0.5568,0.2038,0.9388
R2133,Frontend Developer,0.6833,0.37,0.9794
R2134,ML Engineer,0.6285,0.3426,0.9572
R2135,Data Analyst,0.4691,0.2622,0.6768
R2136,Software Engineer,0.5881,0.2642,0.9476
R2137,Data Analyst,0.4304,0.181,0.6535
R2138,Backend Developer,0.5468,0.2118,0.9253
R2139,Backend Developer,0.614,0.2991,0.9578
R2140,Frontend Developer,0.5536,0.2322,0.9248
R2141,Backend Developer,0.4998,0.1659,0.8812
R2142,Software Engineer,0.5415,0.2743,0.8738
R2143,Backend Developer,0.5079,0.1637,0.8958
R2144,Software Engineer,0.6715,0.3573,0.9767
R2145,Software Engineer,0.2772,0.0817,0.1931
R2146,Data Analyst,0.5624,0.2204,0.9385
R2147,Data Analyst,0.2678,0.1935,0.0836
R2148,Software Engineer,0.5517,0.2265,0.925
R2149,Frontend Developer,0.6082,0.3045,0.9523
R2150,Software Engineer,0.4162,0.0485,0.7862
R2151,Frontend Developer,0.3109,0.2162,0.1406
R2152,Frontend Developer,0.5874,0.2621,0.9477
R2153,Backend Developer,0.5061,0.1851,0.8805
R2154,Data Analyst,0.3598,0.2376,0.2572
R2155,Backend Developer,0.713,0.4056,0.9844
R2156,Frontend Developer,0.4932,0.1461,0.8818
R2157,ML Engineer,0.4841,0.138,0.8707
R2158,ML Engineer,0.5048,0.1543,0.8961
R2159,Data Analyst,0.632,0.353,0.9571
R2160,Frontend Developer,0.415,0.0451,0.7863
R2161,Data Analyst,0.4421,0.1263,0.782
R2162,ML Engineer,0.5214,0.1641,0.9148
R2163,Backend Developer,0.5306,0.1919,0.9141
R2164,Backend Developer,0.5308,0.1925,0.9141
R2165,Data Analyst,0.5085,0.192,0.8803
R2166,Data Scientist,0.7044,0.4132,0.9812
R2167,Data Scientist,0.4394,0.1682,0.7027
R2168,Software Engineer,0.3927,0.2581,0.3497
R2169,Frontend Developer,0.499,0.2269,0.8185
R2170,Frontend Developer,0.4626,0.2376,0.698
R2171,Backend Developer,0.6937,0.3476,0.9847
R2172,ML Engineer,0.5904,0.2711,0.9475
R2173,Data Scientist,0.7014,0.371,0.9846
R2174,Data Analyst,0.4873,0.1475,0.8703
R2175,Software Engineer,0.499,0.1638,0.8812
R2176,ML Engineer,0.6258,0.2774,0.9691
R2177,Backend Developer,0.5272,0.3565,0.7599
R2178,Data Analyst,0.4358,0.1075,0.783
R2179,Data Scientist,0.3589,0.3068,0.1761
R2180,ML Engineer,0.791,0.5062,0.9922
R2181,Data Analyst,0.645,0.335,0.9685
R2182,Software Engineer,0.5885,0.2654,0.9476
R2183,Data Scientist,0.6036,0.2907,0.9525
R2184,Data Analyst,0.278,0.2239,0.0829
R2185,ML Engineer,0.6169,0.3078,0.9577
R2186,ML Engineer,0.4915,0.1601,0.8699
R2187,Data Analyst,0.4508,0.2609,0.6091
R2188,ML Engineer,0.4211,0.0633,0.7854
R2189,Backend Developer,0.2638,0.0915,0.1498
R2190,Data Scientist,0.5706,0.2832,0.9237
R2191,Software Engineer,0.5224,0.1672,0.9147
R2192,Software Engineer,0.6073,0.302,0.9523
R2193,Software Engineer,0.6925,0.3443,0.9847
R2194,Frontend Developer,0.4277,0.133,0.7154
R2195,Software Engineer,0.4263,0.0788,0.7845
R2196,Data Analyst,0.3206,0.0617,0.3736
R2197,Frontend Developer,0.3376,0.2378,0.1931
R2198,Software Engineer,0.6121,0.2934,0.9579
R2199,Frontend Developer,0.6267,0.2801,0.9691
R2200,Frontend Developer,0.3768,0.2304,0.338
R2201,Data Scientist,0.698,0.437,0.9761
R2202,Frontend Developer,0.356,0.2752,0.1968
R2203,Backend Developer,0.5288,0.353,0.757
R2204,Backend Developer,0.2556,0.1836,0.0732
R2205,Data Analyst,0.4927,0.1448,0.8819
R2206,ML Engineer,0.3713,0.1855,0.3777
R2207,Backend Developer,0.6391,0.3173,0.9687
R2208,Frontend Developer,0.421,0.0631,0.7854
R2209,Backend Developer,0.676,0.3708,0.9766
R2210,Frontend Developer,0.5017,0.28,0.7643
R2211,Frontend Developer,0.4354,0.2146,0.6126
R2212,Frontend Developer,0.4291,0.0872,0.7841
R2213,ML Engineer,0.4455,0.1366,0.7814
R2214,Software Engineer,0.4998,0.1393,0.8966
R2215,Backend Developer,0.2279,0.1336,0.0626
R2216,Backend Developer,0.5339,0.2016,0.9138
R2217,Data Analyst,0.4296,0.0889,0.784
R2218,Data Scientist,0.4972,0.2749,0.7677
R2219,Backend Developer,0.5913,0.3072,0.9368
R2220,Data Analyst,0.2231,0.0693,0.0884
R2221,Frontend Developer,0.5452,0.2072,0.9254
R2222,Software Engineer,0.4899,0.1698,0.8603
R2223,Frontend Developer,0.4246,0.0738,0.7848
R2224,Frontend Developer,0.5914,0.2543,0.953
R2225,Backend Developer,0.3579,0.2363,0.2589
R2226,ML Engineer,0.5928,0.2583,0.9529
R2227,Software Engineer,0.5579,0.207,0.9387
R2228,Data Scientist,0.6618,0.3853,0.968
R2229,ML Engineer,0.2883,0.215,0.1017
R2230,Backend Developer,0.5018,0.191,0.8688
R2231,Frontend Developer,0.7265,0.3794,0.9892
R2232,Frontend Developer,0.4171,0.0512,0.786
R2233,Data Analyst,0.5206,0.3189,0.7861
R2234,Backend Developer,0.2743,0.2397,0.072
R2235,Data Scientist,0.5206,0.2452,0.8593
R2236,Backend Developer,0.2642,0.1825,0.0839
R2237,Data Scientist,0.4184,0.0551,0.7858
R2238,Data Analyst,0.5143,0.2095,0.8797
R2239,Backend Developer,0.5266,0.1797,0.9144
R2240,Backend Developer,0.2979,0.0687,0.2744
R2241,Software Engineer,0.4301,0.0903,0.7839
R2242,Software Engineer,0.6823,0.3669,0.9794
R2243,Frontend Developer,0.5356,0.2069,0.9137
R2244,Frontend Developer,0.5467,0.2114,0.9253
R2245,Data Scientist,0.3125,0.221,0.1404
R2246,Backend Developer,0.576,0.2613,0.9377
R2247,Software Engineer,0.2659,0.1876,0.0838
R2248,ML Engineer,0.6191,0.2574,0.9693
R2249,Backend Developer,0.6908,0.3392,0.9847
R2250,Frontend Developer,0.618,0.3219,0.9522
R2251,ML Engineer,0.5619,0.2192,0.9385
R2252,Data Scientist,0.5064,0.1591,0.896
R2253,Backend Developer,0.5001,0.1404,0.8965
R2254,Software Engineer,0.6939,0.4016,0.9791
R2255,Data Scientist,0.645,0.3349,0.9685
R2256,Backend Developer,0.7513,0.4538,0.989
R2257,Data Analyst,0.4492,0.1475,0.7808
R2258,Backend Developer,0.5777,0.233,0.9481
R2259,Frontend Developer,0.4861,0.1248,0.8825
R2260,Data Analyst,0.5591,0.2108,0.9386
R2261,Backend Developer,0.5963,0.2688,0.9528
R2262,Data Analyst,0.6593,0.378,0.9681
R2263,ML Engineer,0.6744,0.3432,0.9795
R2264,Backend Developer,0.4473,0.3584,0.4067
R2265,ML Engineer,0.6366,0.4449,0.9208
R2266,Data Analyst,0.5745,0.257,0.9378
R2267,Frontend Developer,0.4784,0.1352,0.8616
R2268,Software Engineer,0.2437,0.181,0.0617
R2269,Data Scientist,0.5019,0.1725,0.8809
R2270,Data Scientist,0.4326,0.0979,0.7835
R2271,ML Engineer,0.6253,0.3331,0.9574
R2272,Software Engineer,0.3142,0.0425,0.3751
R2273,Frontend Developer,0.525,0.1751,0.9145
R2274,Data Analyst,0.4222,0.0667,0.7852
R2275,ML Engineer,0.4233,0.2498,0.4967
R2276,Data Scientist,0.5401,0.2204,0.9134
R2277,Backend Developer,0.6476,0.3427,0.9685
R2278,Backend Developer,0.3553,0.1267,0.4116
R2279,ML Engineer,0.5069,0.1606,0.8959
R2280,Data Scientist,0.6046,0.2938,0.9524
R2281,Frontend Developer,0.4919,0.1422,0.882
R2282,Data Scientist,0.3377,0.2382,0.1931
R2283,Software Engineer,0.4269,0.0808,0.7844
R2284,Software Engineer,0.566,0.2312,0.9383
R2285,ML Engineer,0.4615,0.2394,0.6784
R2286,Frontend Developer,0.6692,0.3504,0.9768
R2287,Frontend Developer,0.3212,0.247,0.1394
R2288,Software Engineer,0.4165,0.0496,0.7861
R2289,Data Analyst,0.3373,0.1118,0.3699
R2290,Data Analyst,0.6445,0.3334,0.9686
R2291,Data Scientist,0.5367,0.3173,0.8326
R2292,Data Scientist,0.2913,0.122,0.1839
R2293,ML Engineer,0.5115,0.1744,0.8955
R2294,ML Engineer,0.5106,0.1719,0.8956
R2295,Data Scientist,0.416,0.0481,0.7862
R2296,Frontend Developer,0.5004,0.1412,0.8965
R2297,Software Engineer,0.5659,0.2692,0.924
R2298,Software Engineer,0.439,0.117,0.7825
R2299,Backend Developer,0.8467,0.5401,0.9962
R2300,Data Scientist,0.5081,0.1644,0.8958
R2301,Frontend Developer,0.4273,0.1903,0.6145
R2302,Data Scientist,0.643,0.329,0.9686
R2303,Data Scientist,0.5647,0.2273,0.9383
R2304,Backend Developer,0.4263,0.079,0.7845
R2305,Software Engineer,0.534,0.332,0.8135
R2306,Software Engineer,0.614,0.299,0.9578
R2307,Data Analyst,0.4333,0.2,0.6335
R2308,Frontend Developer,0.5544,0.1966,0.9389
R2309,ML Engineer,0.4055,0.3165,0.3208
R2310,ML Engineer,0.5774,0.2655,0.9376
R2311,Data Scientist,0.3156,0.1218,0.271
R2312,Backend Developer,0.5593,0.2111,0.9386
R2313,Software Engineer,0.566,0.2693,0.924
R2314,Frontend Developer,0.6038,0.2686,0.9582
R2315,ML Engineer,0.6041,0.2693,0.9582
R2316,Backend Developer,0.4001,0.2154,0.4669
R2317,Data Scientist,0.6032,0.2896,0.9525
R2318,Data Scientist,0.3302,0.274,0.1384
R2319,Software Engineer,0.4967,0.1567,0.8815
R2320,Data Scientist,0.7034,0.377,0.9845
R2321,Data Scientist,0.572,0.2492,0.9379
R2322,Data Scientist,0.5751,0.2586,0.9378
R2323,Data Analyst,0.6937,0.424,0.9762
R2324,Backend Developer,0.4769,0.1307,0.8617
R2325,Data Scientist,0.5677,0.2364,0.9382
R2326,Frontend Developer,0.5735,0.254,0.9378
R2327,Software Engineer,0.5097,0.1956,0.8802
R2328,Data Analyst,0.5949,0.2847,0.9473
R2329,Data Analyst,0.5347,0.2042,0.9138
R2330,Frontend Developer,0.3445,0.0834,0.445
R2331,Software Engineer,0.3339,0.285,0.138
R2332,ML Engineer,0.3772,0.1732,0.4337
R2333,ML Engineer,0.4955,0.183,0.8544
R2334,Software Engineer,0.4216,0.0649,0.7853
R2335,ML Engineer,0.4964,0.1893,0.8595
R2336,Backend Developer,0.2752,0.0757,0.1934
R2337,Software Engineer,0.5666,0.2333,0.9382
R2338,Backend Developer,0.5837,0.251,0.9478
R2339,Data Scientist,0.4731,0.2744,0.6759
R2340,Data Analyst,0.5681,0.2377,0.9381
R2341,ML Engineer,0.3577,0.1338,0.411
R2342,Backend Developer,0.5729,0.3603,0.8687
R2343,Frontend Developer,0.3558,0.2009,0.2895
R2344,Backend Developer,0.4168,0.0504,0.7861
R2345,Data Scientist,0.6453,0.336,0.9685
R2346,Data Analyst,0.3108,0.2158,0.1406
R2347,Data Analyst,0.3989,0.1633,0.5473
R2348,Frontend Developer,0.6091,0.2845,0.958
R2349,Data Analyst,0.6449,0.3346,0.9685
R2350,Data Analyst,0.3573,0.2121,0.2916
R2351,Data Scientist,0.3205,0.1615,0.2307
R2352,Data Scientist,0.4301,0.2367,0.5598
R2353,Data Analyst,0.5066,0.1864,0.8805
R2354,Data Analyst,0.2994,0.2483,0.1007
R2355,Data Scientist,0.5127,0.288,0.7984
R2356,Data Scientist,0.4295,0.0884,0.784
R2357,Software Engineer,0.6673,0.322,0.9797
R2358,Backend Developer,0.5391,0.2174,0.9134
R2359,Data Scientist,0.5092,0.1675,0.8957
R2360,ML Engineer,0.5295,0.1886,0.9142
R2361,Data Scientist,0.6446,0.3338,0.9686
R2362,Data Scientist,0.3939,0.1318,0.5788
R2363,Data Scientist,0.3532,0.1998,0.2924
R2364,Data Analyst,0.5463,0.2104,0.9253
R2365,Software Engineer,0.6471,0.3412,0.9685
R2366,ML Engineer,0.4889,0.1666,0.8604
R2367,Data Analyst,0.5524,0.2572,0.9124
R2368,ML Engineer,0.4366,0.1097,0.7829
R2369,Data Analyst,0.3356,0.2368,0.1793
R2370,Backend Developer,0.4265,0.0794,0.7845
R2371,Backend Developer,0.5271,0.1813,0.9143
R2372,Software Engineer,0.2344,0.1389,0.0673
R2373,Software Engineer,0.4161,0.0482,0.7862
R2374,Data Scientist,0.4916,0.2581,0.7687
R2375,Frontend Developer,0.5969,0.2907,0.9472
R2376,Frontend Developer,0.4423,0.1983,0.6696
R2377,ML Engineer,0.6395,0.3185,0.9687
R2378,Data Scientist,0.4935,0.147,0.8818
R2379,Software Engineer,0.4263,0.0788,0.7845
R2380,ML Engineer,0.5021,0.2563,0.8
R2381,Data Scientist,0.5463,0.239,0.9129
R2382,Frontend Developer,0.5201,0.2002,0.8947
R2383,Software Engineer,0.3252,0.1422,0.2664
R2384,Software Engineer,0.4961,0.155,0.8815
R2385,Data Scientist,0.6077,0.303,0.9523
R2386,Data Analyst,0.5759,0.2609,0.9377
R2387,Data Scientist,0.5892,0.2475,0.9531
R2388,Data Scientist,0.2546,0.1803,0.0733
R2389,Data Analyst,0.4245,0.0735,0.7848
R2390,ML Engineer,0.568,0.2861,0.9145
R2391,Software Engineer,0.279,0.0871,0.1928
R2392,Frontend Developer,0.5593,0.2111,0.9386
R2393,Frontend Developer,0.6076,0.2799,0.958
R2394,Backend Developer,0.7397,0.4191,0.9891
R2395,ML Engineer,0.5562,0.2402,0.9247
R2396,Backend Developer,0.4732,0.1196,0.8622
R2397,Data Analyst,0.5875,0.2874,0.9362
R2398,Backend Developer,0.4448,0.17,0.729
R2399,Data Analyst,0.3206,0.0618,0.3736
R2400,Frontend Developer,0.2865,0.2094,0.1018
R2401,Backend Developer,0.3681,0.3344,0.1748
R2402,ML Engineer,0.6521,0.3562,0.9683
R2403,Data Scientist,0.5628,0.2216,0.9384
R2404,Data Scientist,0.56,0.2799,0.9118
R2405,Backend Developer,0.4237,0.296,0.4157
R2406,Data Analyst,0.6165,0.3295,0.9519
R2407,Data Scientist,0.4623,0.2082,0.7322
R2408,Software Engineer,0.4312,0.0935,0.7837
R2409,Data Analyst,0.6417,0.3252,0.9686
R2410,Backend Developer,0.6304,0.3482,0.9572
R2411,Data Scientist,0.3879,0.1495,0.5222
R2412,Software Engineer,0.486,0.158,0.8607
R2413,Backend Developer,0.6618,0.3854,0.968
R2414,Frontend Developer,0.2914,0.1598,0.1507
R2415,Data Analyst,0.5227,0.1681,0.9147
R2416,Data Analyst,0.5031,0.1759,0.8808
R2417,Data Scientist,0.4548,0.381,0.405
R2418,Backend Developer,0.4214,0.0642,0.7853
R2419,Software Engineer,0.5512,0.2249,0.925
R2420,Software Engineer,0.4241,0.0722,0.7849
R2421,Software Engineer,0.493,0.1458,0.8818
R2422,Frontend Developer,0.627,0.2811,0.9691
R2423,Backend Developer,0.4993,0.1645,0.8812
R2424,Data Scientist,0.5739,0.2218,0.9483
R2425,Backend Developer,0.6099,0.2869,0.9579
R2426,Backend Developer,0.5901,0.2702,0.9475
R2427,Data Analyst,0.506,0.1846,0.8805
R2428,Data Scientist,0.4959,0.1277,0.8969
R2429,Frontend Developer,0.4303,0.0908,0.7839
R2430,Data Scientist,0.6475,0.3426,0.9685
R2431,ML Engineer,0.6162,0.3058,0.9577
R2432,Software Engineer,0.4773,0.182,0.8116
R2433,Data Scientist,0.7327,0.4648,0.9841
R2434,Data Scientist,0.6088,0.3263,0.9466
R2435,Software Engineer,0.6035,0.3106,0.9469
R2436,Data Scientist,0.5275,0.1824,0.9143
R2437,Software Engineer,0.5224,0.1671,0.9147
R2438,Data Scientist,0.534,0.2019,0.9138
R2439,Backend Developer,0.4243,0.0728,0.7849
R2440,Data Analyst,0.6769,0.3508,0.9795
R2441,Backend Developer,0.6411,0.3234,0.9687
R2442,Data Scientist,0.4835,0.2006,0.8107
R2443,Software Engineer,0.5572,0.243,0.9246
R2444,ML Engineer,0.57,0.2432,0.938
R2445,Backend Developer,0.7301,0.4569,0.9841
R2446,Backend Developer,0.5629,0.2221,0.9384
R2447,Software Engineer,0.4907,0.1387,0.8821
R2448,Data Analyst,0.5247,0.2142,0.8943
R2449,Frontend Developer,0.4103,0.1772,0.5645
R2450,Software Engineer,0.5955,0.2864,0.9473
R2451,ML Engineer,0.5382,0.2445,0.8914
R2452,Frontend Developer,0.3786,0.1509,0.472
R2453,Data Scientist,0.4358,0.1074,0.783
R2454,Data Scientist,0.5307,0.2321,0.8938
R2455,ML Engineer,0.6225,0.3247,0.9575
R2456,Frontend Developer,0.5297,0.364,0.7595
R2457,ML Engineer,0.4295,0.0885,0.784
R2458,Backend Developer,0.5705,0.2448,0.938
R2459,Software Engineer,0.4946,0.1839,0.8597
R2460,Frontend Developer,0.2626,0.1779,0.084
R2461,Backend Developer,0.4186,0.0559,0.7858
R2462,Data Scientist,0.5664,0.2326,0.9382
R2463,Data Analyst,0.5444,0.2048,0.9254
R2464,Backend Developer,0.6359,0.3078,0.9688
R2465,Data Scientist,0.4962,0.1743,0.8694
R2466,Backend Developer,0.5054,0.2913,0.7637
R2467,ML Engineer,0.5219,0.1656,0.9147
R2468,Data Analyst,0.4845,0.3034,0.6716
R2469,Frontend Developer,0.3914,0.2075,0.4267
R2470,ML Engineer,0.4469,0.2977,0.5245
R2471,Data Analyst,0.2557,0.1297,0.1066
R2472,Software Engineer,0.3523,0.1176,0.4123
R2473,ML Engineer,0.5573,0.2051,0.9387
R2474,Frontend Developer,0.5325,0.3726,0.759
R2475,Frontend Developer,0.4601,0.2017,0.7326
R2476,Software Engineer,0.3296,0.2139,0.1943
R2477,Software Engineer,0.5312,0.1936,0.914
R2478,ML Engineer,0.4,0.175,0.5254
R2479,ML Engineer,0.2894,0.2183,0.1016
R2480,ML Engineer,0.5336,0.2009,0.9139
R2481,ML Engineer,0.4469,0.3573,0.4068
R2482,Backend Developer,0.5399,0.3196,0.8345
R2483,ML Engineer,0.7065,0.3863,0.9845
R2484,Data Analyst,0.4973,0.1586,0.8814
R2485,Data Scientist,0.6148,0.3748,0.9307
R2486,Backend Developer,0.4414,0.2541,0.5715
R2487,ML Engineer,0.5976,0.25,0.9584
R2488,Frontend Developer,0.5893,0.268,0.9476
R2489,Data Scientist,0.4291,0.0872,0.7841
R2490,Frontend Developer,0.5912,0.2536,0.953
R2491,Data Scientist,0.2973,0.2418,0.1009
R2492,Data Analyst,0.5412,0.2237,0.9133
R2493,Backend Developer,0.428,0.0841,0.7843
R2494,Data Scientist,0.8342,0.5025,0.9963
R2495,Backend Developer,0.6474,0.3423,0.9685
R2496,Software Engineer,0.6451,0.3352,0.9685
R2497,ML Engineer,0.5035,0.3397,0.6819
R2498,Data Analyst,0.4359,0.1078,0.783
R2499,ML Engineer,0.5445,0.2048,0.9254
R2500,Frontend Developer,0.5489,0.2181,0.9251
R2501,ML Engineer,0.2256,0.1269,0.0627
R2502,Backend Developer,0.5664,0.2326,0.9382
R2503,ML Engineer,0.4294,0.0882,0.784
R2504,Software Engineer,0.4001,0.2337,0.4246
R2505,Data Scientist,0.5281,0.1844,0.9143
R2506,Backend Developer,0.1778,0.0834,0.0375
R2507,Data Scientist,0.4686,0.3058,0.6016
R2508,Backend Developer,0.7335,0.4004,0.9892
R2509,ML Engineer,0.477,0.1309,0.8617
R2510,Backend Developer,0.588,0.2441,0.9531
R2511,Software Engineer,0.5965,0.2696,0.9528
R2512,Data Scientist,0.5747,0.2575,0.9378
R2513,ML Engineer,0.4674,0.3022,0.6019
R2514,Data Scientist,0.259,0.0769,0.1504
R2515,Backend Developer,0.697,0.3577,0.9846
R2516,Data Scientist,0.49,0.1367,0.8821
R2517,Data Analyst,0.5207,0.2022,0.8947
R2518,Data Analyst,0.6425,0.3276,0.9686
R2519,Data Scientist,0.4237,0.071,0.785
R2520,Data Scientist,0.6181,0.3113,0.9576
R2521,Data Analyst,0.6624,0.3871,0.968
R2522,Data Scientist,0.5608,0.2157,0.9386
R2523,Data Scientist,0.5933,0.2799,0.9474
R2524,ML Engineer,0.5833,0.5,0.7417
R2525,Backend Developer,0.4254,0.2561,0.4962
R2526,Data Analyst,0.5558,0.3673,0.8323
R2527,Frontend Developer,0.4199,0.0596,0.7856
R2528,Data Scientist,0.559,0.2104,0.9386
R2529,Data Scientist,0.6017,0.2852,0.9526
R2530,Software Engineer,0.4191,0.0574,0.7857
R2531,ML Engineer,0.3165,0.2329,0.14
R2532,ML Engineer,0.5987,0.276,0.9527
R2533,Backend Developer,0.5348,0.2045,0.9138
R2534,Data Analyst,0.5053,0.1827,0.8806
R2535,ML Engineer,0.5781,0.2342,0.9481
R2536,ML Engineer,0.5332,0.1995,0.9139
R2537,Frontend Developer,0.6786,0.3559,0.9794
R2538,ML Engineer,0.4153,0.1858,0.5818
R2539,Frontend Developer,0.4243,0.0728,0.7849
R2540,Data Scientist,0.6712,0.4135,0.9678
R2541,ML Engineer,0.4448,0.1511,0.7504
R2542,Software Engineer,0.5015,0.1445,0.8964
R2543,Frontend Developer,0.2971,0.1747,0.1422
R2544,Data Analyst,0.5149,0.1848,0.8952
R2545,Backend Developer,0.4363,0.3089,0.4643
R2546,ML Engineer,0.436,0.2164,0.6125
R2547,ML Engineer,0.4944,0.1688,0.8696
R2548,Data Scientist,0.6153,0.3458,0.9463
R2549,ML Engineer,0.5564,0.2024,0.9388
R2550,Data Scientist,0.6011,0.2605,0.9583
R2551,Software Engineer,0.5817,0.225,0.9534
R2552,Backend Developer,0.5537,0.1943,0.9389
R2553,Data Scientist,0.4739,0.2766,0.6758
R2554,Data Scientist,0.5823,0.2801,0.9374
R2555,ML Engineer,0.551,0.2245,0.925
R2556,Data Analyst,0.5408,0.2224,0.9133
R2557,Frontend Developer,0.4513,0.2038,0.7003
R2558,ML Engineer,0.3984,0.2285,0.425
R2559,Software Engineer,0.5246,0.1737,0.9145
R2560,Data Analyst,0.5283,0.1848,0.9143
R2561,Data Analyst,0.5536,0.2322,0.9248
R2562,Frontend Developer,0.5083,0.1917,0.8803
R2563,Software Engineer,0.5622,0.22,0.9385
R2564,ML Engineer,0.5192,0.3866,0.6786
R2565,Software Engineer,0.7222,0.4332,0.9842
R2566,Data Scientist,0.6538,0.3615,0.9683
R2567,Data Analyst,0.4937,0.1477,0.8818
R2568,Data Scientist,0.5316,0.2533,0.8763
R2569,Backend Developer,0.6901,0.3904,0.9792
R2570,ML Engineer,0.6458,0.4373,0.9363
R2571,Data Scientist,0.3623,0.2584,0.2447
R2572,Software Engineer,0.4311,0.0934,0.7838
R2573,Frontend Developer,0.5725,0.2507,0.9379
R2574,ML Engineer,0.5567,0.2415,0.9246
R2575,Software Engineer,0.5905,0.2516,0.953
R2576,Data Scientist,0.5677,0.2745,0.9239
R2577,Backend Developer,0.5385,0.2156,0.9135
R2578,Backend Developer,0.4978,0.2433,0.8086
R2579,ML Engineer,0.5567,0.2035,0.9388
R2580,Frontend Developer,0.4369,0.1108,0.7828
R2581,Data Scientist,0.4252,0.0755,0.7847
R2582,Backend Developer,0.4836,0.1507,0.861
R2583,ML Engineer,0.5468,0.212,0.9253
R2584,Frontend Developer,0.4344,0.1033,0.7832
R2585,Frontend Developer,0.2946,0.1464,0.1712
R2586,Backend Developer,0.5418,0.2503,0.8951
R2587,Data Scientist,0.6133,0.3399,0.9464
R2588,Frontend Developer,0.5581,0.2077,0.9387
R2589,Backend Developer,0.511,0.2186,0.8678
R2590,Software Engineer,0.4449,0.2919,0.525
R2591,Data Scientist,0.4989,0.1368,0.8966
R2592,Data Analyst,0.4208,0.0625,0.7854
R2593,Data Analyst,0.4388,0.1163,0.7825
R2594,Frontend Developer,0.5994,0.2553,0.9584
R2595,Data Analyst,0.4876,0.1296,0.8824
R2596,Backend Developer,0.7018,0.3722,0.9845
R2597,Frontend Developer,0.4168,0.0504,0.7861
R2598,Data Scientist,0.3883,0.09,0.6301
R2599,Data Analyst,0.6833,0.3929,0.9765
R2600,ML Engineer,0.4244,0.0733,0.7848
R2601,Frontend Developer,0.6871,0.4043,0.9764
R2602,Data Analyst,0.6459,0.3378,0.9685
R2603,Frontend Developer,0.5837,0.2511,0.9478
R2604,Data Scientist,0.6146,0.3238,0.952
R2605,Backend Developer,0.6402,0.3205,0.9687
R2606,Frontend Developer,0.2893,0.1344,0.1658
R2607,Software Engineer,0.5606,0.2151,0.9386
R2608,Data Scientist,0.5396,0.2188,0.9134
R2609,Data Analyst,0.4471,0.4112,0.334
R2610,Backend Developer,0.4167,0.0501,0.7861
R2611,ML Engineer,0.4452,0.1355,0.7815
R2612,Data Scientist,0.6448,0.3344,0.9685
R2613,Data Scientist,0.5737,0.2545,0.9378
R2614,Software Engineer,0.293,0.0539,0.2753
R2615,Frontend Developer,0.5198,0.227,0.8681
R2616,Backend Developer,0.5625,0.3376,0.8715
R2617,Frontend Developer,0.336,0.2381,0.1793
R2618,Backend Developer,0.4833,0.15,0.861
R2619,Data Scientist,0.4356,0.1068,0.783
R2620,Data Analyst,0.4764,0.1293,0.8618
R2621,Data Scientist,0.4529,0.2671,0.6087
R2622,Data Scientist,0.3475,0.1781,0.3042
R2623,Data Analyst,0.3086,0.1658,0.1858
R2624,Data Analyst,0.2904,0.2211,0.1015
R2625,Data Scientist,0.2957,0.237,0.101
R2626,Data Scientist,0.4,0.2624,0.3761
R2627,Frontend Developer,0.4994,0.2481,0.8004
R2628,ML Engineer,0.5565,0.2408,0.9246
R2629,ML Engineer,0.5846,0.2539,0.9478
R2630,Data Scientist,0.5992,0.2977,0.9471
R2631,Frontend Developer,0.4483,0.1724,0.734
R2632,Data Scientist,0.5994,0.5481,0.7388
R2633,Data Analyst,0.4879,0.1494,0.8703
R2634,Software Engineer,0.4837,0.151,0.861
R2635,Backend Developer,0.4984,0.1619,0.8813
R2636,Frontend Developer,0.5221,0.2063,0.8946
R2637,Data Scientist,0.5674,0.2357,0.9382
R2638,Data Scientist,0.5159,0.3228,0.7619
R2639,Frontend Developer,0.4527,0.3747,0.4055
R2640,Data Analyst,0.5348,0.2045,0.9138
R2641,ML Engineer,0.5451,0.2069,0.9254
R2642,Software Engineer,0.5306,0.1917,0.9141
R2643,Data Scientist,0.5454,0.2361,0.913
R2644,Frontend Developer,0.5028,0.1752,0.8809
R2645,Data Analyst,0.7077,0.3896,0.9845
R2646,Backend Developer,0.4335,0.2575,0.5277
R2647,Backend Developer,0.541,0.2229,0.9133
R2648,Frontend Developer,0.4338,0.1015,0.7833
R2649,Data Analyst,0.6296,0.2889,0.969
R2650,Data Analyst,0.4382,0.1145,0.7826
R2651,Data Scientist,0.4382,0.3342,0.4277
R2652,ML Engineer,0.574,0.2555,0.9378
R2653,Data Analyst,0.6376,0.3127,0.9688
R2654,Software Engineer,0.5864,0.3092,0.9261
R2655,ML Engineer,0.4883,0.1505,0.8702
R2656,Software Engineer,0.4913,0.1405,0.882
R2657,Data Scientist,0.4385,0.1156,0.7825
R2658,Backend Developer,0.596,0.2879,0.9472
R2659,Data Analyst,0.4958,0.1731,0.8694
R2660,Frontend Developer,0.4919,0.1615,0.8698
R2661,Frontend Developer,0.5267,0.1802,0.9144
R2662,Software Engineer,0.5096,0.1689,0.8957
R2663,Backend Developer,0.4228,0.0685,0.7851
R2664,Software Engineer,0.2907,0.2222,0.1014
R2665,Data Analyst,0.5377,0.2131,0.9135
R2666,ML Engineer,0.4799,0.1254,0.8711
R2667,Backend Developer,0.5732,0.2529,0.9379
R2668,Software Engineer,0.6469,0.3406,0.9685
R2669,ML Engineer,0.6144,0.3004,0.9578
R2670,Data Analyst,0.5722,0.25,0.9379
R2671,Data Scientist,0.6471,0.3412,0.9685
R2672,Software Engineer,0.484,0.1188,0.8827
R2673,Frontend Developer,0.5641,0.2258,0.9384
R2674,ML Engineer,0.6196,0.2587,0.9693
R2675,Software Engineer,0.4246,0.0737,0.7848
R2676,Frontend Developer,0.3843,0.2487,0.3348
R2677,Data Scientist,0.6523,0.3568,0.9683
R2678,Data Analyst,0.5684,0.2765,0.9238
R2679,Backend Developer,0.6941,0.4024,0.9791
R2680,Backend Developer,0.485,0.1407,0.8706
R2681,Backend Developer,0.4968,0.1569,0.8815
R2682,Software Engineer,0.648,0.3439,0.9685
R2683,Frontend Developer,0.4091,0.3772,0.2456
R2684,ML Engineer,0.427,0.0809,0.7844
R2685,ML Engineer,0.3818,0.0706,0.6315
R2686,ML Engineer,0.5753,0.226,0.9482
R2687,Frontend Developer,0.5171,0.1912,0.895
R2688,Data Analyst,0.6852,0.3984,0.9764
R2689,Data Scientist,0.2335,0.0631,0.1086
R2690,Frontend Developer,0.6176,0.3099,0.9577
R2691,Data Scientist,0.5633,0.2234,0.9384
R2692,ML Engineer,0.6206,0.3189,0.9575
R2693,Software Engineer,0.5749,0.2579,0.9378
R2694,Data Scientist,0.5438,0.2027,0.9255
R2695,Software Engineer,0.5737,0.2545,0.9378
R2696,Software Engineer,0.4432,0.1295,0.7818
R2697,Backend Developer,0.5583,0.2463,0.9245
R2698,Frontend Developer,0.5205,0.1616,0.9148
R2699,Backend Developer,0.3195,0.2418,0.1396
R2700,ML Engineer,0.552,0.2276,0.9249
R2701,Data Scientist,0.3606,0.0694,0.5402
R2702,Software Engineer,0.5923,0.2768,0.9474
R2703,Data Analyst,0.5299,0.1896,0.9141
R2704,Software Engineer,0.4977,0.243,0.8007
R2705,Backend Developer,0.5325,0.1974,0.9139
R2706,Software Engineer,0.486,0.1438,0.8705
R2707,Frontend Developer,0.5711,0.2467,0.938
R2708,Data Scientist,0.5236,0.2108,0.8944
R2709,Data Scientist,0.3782,0.1846,0.4122
R2710,Data Analyst,0.2452,0.1521,0.0739
R2711,Frontend Developer,0.4238,0.3413,0.339
R2712,Software Engineer,0.4058,0.1573,0.584
R2713,ML Engineer,0.4157,0.047,0.7862
R2714,Backend Developer,0.4066,0.2624,0.4025
R2715,Data Scientist,0.5664,0.2324,0.9382
R2716,Software Engineer,0.5341,0.2024,0.9138
R2717,Backend Developer,0.6073,0.2789,0.9581
R2718,Data Analyst,0.5207,0.2455,0.8593
R2719,Frontend Developer,0.5531,0.1926,0.939
R2720,Frontend Developer,0.4985,0.1812,0.8691
R2721,Data Scientist,0.6392,0.3177,0.9687
R2722,Backend Developer,0.4281,0.0844,0.7842
R2723,Frontend Developer,0.554,0.1952,0.9389
R2724,Data Scientist,0.6175,0.3097,0.9577
R2725,Software Engineer,0.5715,0.2478,0.938
R2726,Data Analyst,0.6685,0.3485,0.9768
R2727,Data Analyst,0.5127,0.1782,0.8954
R2728,Frontend Developer,0.5145,0.1834,0.8953
R2729,Software Engineer,0.4412,0.1237,0.7821
R2730,Software Engineer,0.3819,0.1957,0.4113
R2731,ML Engineer,0.5246,0.2737,0.8365
R2732,Software Engineer,0.534,0.2021,0.9138
R2733,Data Analyst,0.6398,0.3193,0.9687
R2734,Backend Developer,0.4039,0.1615,0.5764
R2735,Data Scientist,0.6014,0.3042,0.947
R2736,Data Analyst,0.4832,0.1353,0.8708
R2737,Backend Developer,0.552,0.1894,0.939
R2738,Data Analyst,0.5469,0.2406,0.9129
R2739,Data Analyst,0.3698,0.2428,0.2867
R2740,Data Scientist,0.6193,0.315,0.9576
R2741,Frontend Developer,0.6095,0.2857,0.958
R2742,Backend Developer,0.418,0.0541,0.7859
R2743,Data Scientist,0.3243,0.2562,0.1391
R2744,Software Engineer,0.6579,0.3903,0.9624
R2745,Data Scientist,0.5588,0.2763,0.9119
R2746,Software Engineer,0.4302,0.0905,0.7839
R2747,Data Analyst,0.542,0.2259,0.9132
R2748,Frontend Developer,0.5055,0.1833,0.8806
R2749,Frontend Developer,0.5483,0.2949,0.873
R2750,Data Analyst,0.4324,0.0973,0.7835
R2751,Backend Developer,0.5375,0.2125,0.9136
R2752,ML Engineer,0.4547,0.2726,0.6083
R2753,Frontend Developer,0.5392,0.2176,0.9134
R2754,Frontend Developer,0.6475,0.3425,0.9685
R2755,ML Engineer,0.5922,0.2765,0.9474
R2756,Frontend Developer,0.4981,0.1344,0.8967
R2757,Data Scientist,0.5363,0.2088,0.9137
R2758,ML Engineer,0.4243,0.073,0.7849
R2759,Data Analyst,0.683,0.3919,0.9765
R2760,ML Engineer,0.4214,0.0643,0.7853
R2761,Software Engineer,0.4207,0.062,0.7854
R2762,Data Scientist,0.6604,0.3812,0.9681
R2763,Software Engineer,0.5861,0.3082,0.9261
R2764,Backend Developer,0.4912,0.1594,0.8699
R2765,Data Scientist,0.4993,0.1837,0.869
R2766,Data Analyst,0.5596,0.2123,0.9386
R2767,Data Analyst,0.4437,0.2811,0.542
R2768,ML Engineer,0.5725,0.2998,0.9142
R2769,Backend Developer,0.5547,0.1975,0.9389
R2770,Data Analyst,0.4243,0.0728,0.7849
R2771,Software Engineer,0.3717,0.2108,0.3375
R2772,Data Analyst,0.5912,0.3936,0.8847
R2773,ML Engineer,0.5969,0.2906,0.9472
R2774,Frontend Developer,0.6647,0.4109,0.9621
R2775,Frontend Developer,0.492,0.1617,0.8698
R2776,ML Engineer,0.5112,0.2634,0.8168
R2777,Software Engineer,0.5591,0.2106,0.9386
R2778,Frontend Developer,0.6063,0.276,0.9581
R2779,Data Scientist,0.3344,0.2865,0.1379
R2780,Backend Developer,0.3063,0.094,0.2728
R2781,ML Engineer,0.5709,0.2461,0.938
R2782,Backend Developer,0.1653,0.0458,0.0379
R2783,ML Engineer,0.4443,0.3494,0.4074
R2784,Software Engineer,0.5344,0.2031,0.9138
R2785,Data Scientist,0.705,0.3817,0.9845
R2786,Data Scientist,0.5538,0.4463,0.7194
R2787,Backend Developer,0.5109,0.1993,0.88
R2788,Data Analyst,0.5919,0.2558,0.953
R2789,Backend Developer,0.5795,0.2718,0.9375
R2790,ML Engineer,0.4103,0.2505,0.4342
R2791,Data Analyst,0.4467,0.2483,0.6101
R2792,Frontend Developer,0.5943,0.4245,0.8664
R2793,ML Engineer,0.5512,0.2249,0.925
R2794,Frontend Developer,0.3077,0.2063,0.141
R2795,Software Engineer,0.5846,0.2337,0.9533
R2796,Frontend Developer,0.5221,0.2329,0.8789
R2797,Frontend Developer,0.5933,0.26,0.9529
R2798,ML Engineer,0.5245,0.1734,0.9145
R2799,Software Engineer,0.4852,0.2056,0.8104
R2800,ML Engineer,0.5433,0.2014,0.9255
R2801,Software Engineer,0.7112,0.4001,0.9844
R2802,ML Engineer,0.5242,0.1727,0.9146
R2803,Backend Developer,0.3856,0.082,0.6307
R2804,ML Engineer,0.603,0.2891,0.9525
R2805,Data Analyst,0.4887,0.1329,0.8823
R2806,Data Scientist,0.714,0.4419,0.9811
R2807,Backend Developer,0.6291,0.2872,0.969
R2808,ML Engineer,0.6036,0.3358,0.9353
R2809,Data Analyst,0.4896,0.1356,0.8822
R2810,Frontend Developer,0.4882,0.1311,0.8823
R2811,Backend Developer,0.2672,0.1916,0.0837
R2812,Backend Developer,0.3784,0.0603,0.6323
R2813,ML Engineer,0.5588,0.2097,0.9387
R2814,ML Engineer,0.4179,0.0536,0.7859
R2815,Software Engineer,0.5638,0.2248,0.9384
R2816,ML Engineer,0.4238,0.0715,0.7849
R2817,Data Scientist,0.4248,0.0743,0.7848
R2818,Software Engineer,0.6837,0.3939,0.9765
R2819,Backend Developer,0.6252,0.2757,0.9691
R2820,ML Engineer,0.6352,0.3055,0.9688
R2821,Software Engineer,0.6507,0.352,0.9684
R2822,Data Analyst,0.4326,0.0979,0.7835
R2823,Data Scientist,0.4415,0.1246,0.7821
R2824,Software Engineer,0.5263,0.179,0.9144
R2825,Data Analyst,0.5564,0.2026,0.9388
R2826,Backend Developer,0.5851,0.2888,0.9372
R2827,ML Engineer,0.4809,0.2303,0.7717
R2828,Software Engineer,0.5685,0.239,0.9381
R2829,Frontend Developer,0.5243,0.1728,0.9146
R2830,ML Engineer,0.3757,0.2771,0.2515
R2831,Data Scientist,0.4659,0.3049,0.5983
R2832,Data Analyst,0.5248,0.1743,0.9145
R2833,Backend Developer,0.631,0.2931,0.9689
R2834,Data Analyst,0.2768,0.0803,0.1931
R2835,Data Scientist,0.6761,0.3483,0.9795
R2836,Software Engineer,0.5971,0.3787,0.9071
R2837,ML Engineer,0.6454,0.3361,0.9685
R2838,Data Analyst,0.5604,0.2813,0.9118
R2839,ML Engineer,0.6197,0.3162,0.9576
R2840,Data Scientist,0.4899,0.1698,0.8603
R2841,Frontend Developer,0.6619,0.4355,0.9522
R2842,Data Analyst,0.4398,0.1193,0.7823
R2843,Frontend Developer,0.4153,0.0458,0.7863
R2844,Data Analyst,0.5464,0.2391,0.9129
R2845,Backend Developer,0.1745,0.0734,0.0376
R2846,ML Engineer,0.5829,0.2486,0.9479
R2847,ML Engineer,0.5484,0.2453,0.9127
R2848,Frontend Developer,0.6047,0.294,0.9524
R2849,ML Engineer,0.5142,0.1827,0.8953
R2850,Data Scientist,0.6058,0.2973,0.9524
R2851,Backend Developer,0.4307,0.0921,0.7838
R2852,Software Engineer,0.4866,0.3097,0.6712
R2853,Backend Developer,0.6181,0.3115,0.9576
R2854,Software Engineer,0.5352,0.2055,0.9137
R2855,Frontend Developer,0.5363,0.2088,0.9137
R2856,ML Engineer,0.42,0.0599,0.7856
R2857,Data Scientist,0.5748,0.2577,0.9378
R2858,Data Analyst,0.5956,0.2668,0.9528
R2859,Frontend Developer,0.4443,0.2043,0.6692
R2860,Backend Developer,0.4388,0.1163,0.7825
R2861,Data Analyst,0.4019,0.1806,0.525
R2862,Data Analyst,0.4336,0.1366,0.7311
R2863,Data Analyst,0.6826,0.3907,0.9765
R2864,Data Scientist,0.5587,0.2095,0.9387
R2865,Data Analyst,0.672,0.3588,0.9767
R2866,Data Scientist,0.6549,0.3648,0.9683
R2867,Data Analyst,0.5926,0.2778,0.9474
R2868,Data Analyst,0.593,0.5291,0.7399
R2869,Frontend Developer,0.6064,0.2764,0.9581
R2870,Data Scientist,0.465,0.2699,0.6515
R2871,Frontend Developer,0.4145,0.0434,0.7864
R2872,Backend Developer,0.6481,0.3442,0.9685
R2873,ML Engineer,0.5813,0.244,0.9479
R2874,Frontend Developer,0.543,0.2289,0.9131
R2875,Backend Developer,0.6386,0.4507,0.9207
R2876,Data Analyst,0.3858,0.2375,0.3512
R2877,Data Scientist,0.4251,0.2752,0.467
R2878,Frontend Developer,0.4298,0.0895,0.784
R2879,Backend Developer,0.4214,0.0643,0.7853
R2880,Frontend Developer,0.4235,0.0705,0.785
R2881,Data Scientist,0.5743,0.2562,0.9378
R2882,ML Engineer,0.5229,0.3889,0.6961
R2883,Software Engineer,0.7197,0.609,0.9445
R2884,ML Engineer,0.4287,0.0862,0.7841
R2885,ML Engineer,0.5971,0.2913,0.9472
R2886,Backend Developer,0.578,0.2675,0.9376
R2887,ML Engineer,0.5841,0.3722,0.8853
R2888,Data Scientist,0.7261,0.3782,0.9892
R2889,Software Engineer,0.1725,0.0674,0.0377
R2890,Software Engineer,0.5301,0.1903,0.9141
R2891,ML Engineer,0.6277,0.283,0.969
R2892,Data Analyst,0.2507,0.1877,0.0663
R2893,ML Engineer,0.5629,0.2221,0.9384
R2894,ML Engineer,0.6839,0.3718,0.9793
R2895,Data Analyst,0.431,0.0929,0.7838
R2896,Data Analyst,0.7163,0.4154,0.9843
R2897,Data Scientist,0.827,0.5953,0.9928
R2898,Backend Developer,0.6532,0.3595,0.9683
R2899,ML Engineer,0.415,0.0451,0.7863
R2900,Software Engineer,0.6069,0.3282,0.9393
R2901,Data Scientist,0.4814,0.2276,0.7704
R2902,Frontend Developer,0.5752,0.2589,0.9378
R2903,Frontend Developer,0.5875,0.2959,0.9371
R2904,Software Engineer,0.4184,0.0551,0.7858
R2905,Data Analyst,0.5622,0.2199,0.9385
R2906,Data Analyst,0.2871,0.1114,0.1916
R2907,Data Analyst,0.5545,0.3706,0.8302
R2908,Data Scientist,0.4174,0.0521,0.786
R2909,Backend Developer,0.5003,0.4508,0.4906
R2910,Backend Developer,0.6058,0.2745,0.9581
R2911,ML Engineer,0.4978,0.1791,0.8692
R2912,Data Analyst,0.5724,0.2505,0.9379
R2913,Data Analyst,0.3436,0.2334,0.2188
R2914,ML Engineer,0.5889,0.2466,0.9531
R2915,Backend Developer,0.2546,0.1538,0.0846
R2916,Data Analyst,0.5123,0.3118,0.7625
R2917,Software Engineer,0.5447,0.239,0.9054
R2918,Data Scientist,0.5109,0.2917,0.7953
R2919,Data Analyst,0.4962,0.1743,0.8694
R2920,Frontend Developer,0.4147,0.044,0.7864
R2921,Data Analyst,0.3781,0.2342,0.3378
R2922,Data Scientist,0.5764,0.2627,0.9377
R2923,Data Analyst,0.3762,0.0786,0.5951
R2924,Data Scientist,0.2979,0.0686,0.2744
R2925,Data Scientist,0.5686,0.2773,0.9238
R2926,Software Engineer,0.6655,0.3166,0.9797
R2927,Data Analyst,0.3471,0.2412,0.2175
R2928,ML Engineer,0.4895,0.1543,0.8701
R2929,Frontend Developer,0.4842,0.1384,0.8707
R2930,Data Scientist,0.2562,0.0686,0.1508
R2931,Frontend Developer,0.5068,0.2169,0.853
R2932,Frontend Developer,0.39,0.2499,0.3502
R2933,Frontend Developer,0.5547,0.1975,0.9389
R2934,Data Analyst,0.3257,0.2021,0.1949
R2935,Frontend Developer,0.5201,0.1602,0.9149
R2936,Data Analyst,0.6515,0.3544,0.9684
R2937,Backend Developer,0.2394,0.1183,0.0871
R2938,Software Engineer,0.4968,0.2492,0.7975
R2939,Frontend Developer,0.5844,0.2533,0.9478
R2940,Data Scientist,0.5811,0.2433,0.948
R2941,Backend Developer,0.5415,0.1958,0.9256
R2942,ML Engineer,0.5656,0.2301,0.9383
R2943,Data Scientist,0.6008,0.3025,0.947
R2944,Data Scientist,0.3681,0.2627,0.2556
R2945,Software Engineer,0.6021,0.2863,0.9525
R2946,Data Scientist,0.5277,0.358,0.7598
R2947,Backend Developer,0.6082,0.2817,0.958
R2948,Backend Developer,0.5317,0.1951,0.914
R2949,Backend Developer,0.5308,0.1925,0.9141
R2950,Frontend Developer,0.2324,0.0598,0.1087
R2951,Data Analyst,0.4743,0.1228,0.862
R2952,Backend Developer,0.4887,0.1518,0.8702
R2953,Data Analyst,0.603,0.309,0.9469
R2954,Backend Developer,0.2105,0.0566,0.0772
R2955,Backend Developer,0.5094,0.1682,0.8957
R2956,Software Engineer,0.6615,0.3846,0.9681
R2957,Software Engineer,0.6017,0.2623,0.9583
R2958,Frontend Developer,0.7443,0.433,0.9891
R2959,Data Scientist,0.3756,0.0768,0.5953
R2960,Backend Developer,0.5053,0.1558,0.8961
R2961,ML Engineer,0.4312,0.0936,0.7837
R2962,Data Scientist,0.7602,0.4806,0.9889
R2963,Software Engineer,0.5158,0.1873,0.8951
R2964,Software Engineer,0.395,0.29,0.3139
R2965,Backend Developer,0.6281,0.3414,0.9572
R2966,ML Engineer,0.4334,0.1003,0.7834
R2967,Data Scientist,0.6049,0.2948,0.9524
R2968,ML Engineer,0.418,0.0539,0.7859
R2969,Data Scientist,0.629,0.2869,0.969
R2970,Data Analyst,0.3339,0.2851,0.138
R2971,Software Engineer,0.567,0.2344,0.9382
R2972,Data Scientist,0.4326,0.0979,0.7835
R2973,ML Engineer,0.7077,0.3899,0.9845
R2974,Backend Developer,0.4299,0.0898,0.7839
R2975,Data Analyst,0.5286,0.1859,0.9142
R2976,Software Engineer,0.5537,0.2324,0.9248
R2977,Frontend Developer,0.6924,0.3438,0.9847
R2978,Software Engineer,0.41,0.2725,0.4017
R2979,Software Engineer,0.5917,0.255,0.953
R2980,Data Analyst,0.2754,0.1761,0.1028
R2981,Frontend Developer,0.5092,0.2347,0.8363
R2982,Frontend Developer,0.2617,0.0851,0.1501
R2983,Software Engineer,0.4263,0.1663,0.6647
R2984,Data Scientist,0.4457,0.137,0.7814
R2985,Data Analyst,0.7101,0.3968,0.9844
R2986,Data Scientist,0.6449,0.3348,0.9685
R2987,Software Engineer,0.5248,0.1745,0.9145
R2988,Backend Developer,0.5079,0.2988,0.7633
R2989,Software Engineer,0.362,0.1277,0.4372
R2990,ML Engineer,0.3775,0.1476,0.4723
R2991,Software Engineer,0.426,0.0779,0.7846
R2992,Data Analyst,0.7002,0.3672,0.9846
R2993,Backend Developer,0.505,0.1551,0.8961
R2994,Frontend Developer,0.4902,0.1371,0.8821
R2995,Software Engineer,0.3746,0.0487,0.6331
R2996,Data Analyst,0.4318,0.2418,0.5594
R2997,ML Engineer,0.5523,0.1903,0.939
R2998,Backend Developer,0.6061,0.2984,0.9524
R2999,Data Analyst,0.4749,0.1898,0.8002
R3000,Backend Developer,0.1754,0.0762,0.0376
R3001,Backend Developer,0.367,0.3082,0.1951
R3002,Software Engineer,0.424,0.0719,0.7849
R3003,Data Scientist,0.5351,0.2054,0.9137
R3004,ML Engineer,0.5082,0.2103,0.8681
R3005,ML Engineer,0.5212,0.1637,0.9148
R3006,Data Analyst,0.2137,0.0661,0.077
R3007,Frontend Developer,0.7075,0.3893,0.9845
R3008,Frontend Developer,0.5862,0.2385,0.9532
R3009,Data Scientist,0.7021,0.4262,0.979
R3010,Data Scientist,0.4274,0.0823,0.7844
R3011,Software Engineer,0.3812,0.2151,0.3755
R3012,Data Analyst,0.5871,0.2612,0.9477
R3013,Data Analyst,0.4189,0.0568,0.7857
R3014,Data Analyst,0.6713,0.3338,0.9796
R3015,ML Engineer,0.4183,0.055,0.7858
R3016,ML Engineer,0.5548,0.2358,0.9248
R3017,Data Analyst,0.5179,0.1936,0.8949
R3018,Data Scientist,0.4901,0.1952,0.833
R3019,ML Engineer,0.6776,0.3527,0.9795
R3020,Data Scientist,0.4345,0.1034,0.7832
R3021,Frontend Developer,0.5731,0.2527,0.9379
R3022,ML Engineer,0.402,0.1811,0.525
R3023,Frontend Developer,0.4713,0.2013,0.7734
R3024,ML Engineer,0.554,0.3118,0.8724
R3025,Software Engineer,0.4883,0.245,0.7682
R3026,ML Engineer,0.25,0.1401,0.085
R3027,Frontend Developer,0.5887,0.266,0.9476
R3028,Software Engineer,0.415,0.1914,0.5634
R3029,Software Engineer,0.4873,0.1475,0.8703
R3030,ML Engineer,0.4959,0.1543,0.8816
R3031,Frontend Developer,0.5435,0.2306,0.9131
R3032,Frontend Developer,0.4243,0.073,0.7848
R3033,Data Scientist,0.4846,0.1394,0.8706
R3034,Frontend Developer,0.5574,0.2057,0.9387
R3035,ML Engineer,0.6681,0.3244,0.9796
R3036,ML Engineer,0.4184,0.0551,0.7858
R3037,Backend Developer,0.6015,0.3544,0.9215
R3038,Software Engineer,0.5394,0.1898,0.9258
R3039,Backend Developer,0.5597,0.2124,0.9386
R3040,Frontend Developer,0.4483,0.3615,0.4065
R3041,Frontend Developer,0.3025,0.199,0.1434
R3042,ML Engineer,0.3544,0.1239,0.4118
R3043,Data Scientist,0.5552,0.199,0.9389
R3044,Frontend Developer,0.5838,0.3388,0.9082
R3045,Data Scientist,0.3485,0.2756,0.1775
R3046,Data Scientist,0.2654,0.0961,0.1496
R3047,Data Analyst,0.1736,0.0709,0.0376
R3048,Frontend Developer,0.5546,0.1971,0.9389
R3049,Software Engineer,0.5914,0.2542,0.953
R3050,Frontend Developer,0.5854,0.2563,0.9478
R3051,Backend Developer,0.5603,0.2142,0.9386
R3052,Data Analyst,0.5771,0.2645,0.9376
R3053,Frontend Developer,0.648,0.3441,0.9685
R3054,ML Engineer,0.4983,0.1616,0.8813
R3055,Data Scientist,0.527,0.221,0.8941
R3056,Backend Developer,0.4309,0.2728,0.4949
R3057,Data Analyst,0.7179,0.4203,0.9843
R3058,Data Scientist,0.5114,0.2007,0.88
R3059,ML Engineer,0.4359,0.3274,0.4282
R3060,Frontend Developer,0.5735,0.254,0.9378
R3061,Software Engineer,0.4822,0.1324,0.8709
R3062,Backend Developer,0.4366,0.1099,0.7829
R3063,Software Engineer,0.595,0.2651,0.9528
R3064,Data Analyst,0.361,0.1436,0.4102
R3065,Frontend Developer,0.3601,0.2875,0.1962
R3066,Data Analyst,0.3925,0.3276,0.2485
R3067,Data Analyst,0.5641,0.2637,0.9241
R3068,Data Scientist,0.4241,0.0724,0.7849
R3069,Software Engineer,0.3925,0.1925,0.4687
R3070,Data Scientist,0.6995,0.365,0.9846
R3071,Frontend Developer,0.5668,0.2339,0.9382
R3072,Data Scientist,0.489,0.1527,0.8701
R3073,Frontend Developer,0.4154,0.0463,0.7863
R3074,Backend Developer,0.1737,0.0712,0.0376
R3075,ML Engineer,0.4137,0.041,0.7866
R3076,ML Engineer,0.3828,0.0736,0.6313
R3077,Data Scientist,0.5676,0.236,0.9382
R3078,Software Engineer,0.7023,0.3737,0.9845
R3079,Backend Developer,0.5527,0.2297,0.9249
R3080,Data Analyst,0.6332,0.4162,0.9327
R3081,Backend Developer,0.416,0.1645,0.6206
R3082,Frontend Developer,0.5253,0.1758,0.9145
R3083,Backend Developer,0.5619,0.2192,0.9385
R3084,Data Analyst,0.389,0.2005,0.4272
R3085,Frontend Developer,0.5366,0.2098,0.9136
R3086,ML Engineer,0.4819,0.1313,0.8709
R3087,ML Engineer,0.1701,0.0604,0.0378
R3088,Frontend Developer,0.5029,0.1943,0.8686
R3089,ML Engineer,0.4216,0.0649,0.7853
R3090,Data Scientist,0.4307,0.385,0.3082
R3091,Data Analyst,0.5426,0.2277,0.9132
R3092,Backend Developer,0.5331,0.1992,0.9139
R3093,Data Analyst,0.5273,0.1818,0.9143
R3094,Backend Developer,0.5627,0.2213,0.9384
R3095,Data Scientist,0.2869,0.1606,0.1408
R3096,Frontend Developer,0.48,0.1399,0.8614
R3097,ML Engineer,0.6666,0.3999,0.9679
R3098,Software Engineer,0.5524,0.2286,0.9249
R3099,ML Engineer,0.4372,0.183,0.6707
R3100,Data Analyst,0.6381,0.3142,0.9687
R3101,Data Scientist,0.4207,0.0622,0.7854
R3102,Data Scientist,0.6035,0.3106,0.9469
R3103,Data Analyst,0.5068,0.1605,0.8959
R3104,Data Scientist,0.3766,0.2298,0.3381
R3105,Software Engineer,0.4176,0.0527,0.7859
R3106,Frontend Developer,0.6368,0.3105,0.9688
R3107,ML Engineer,0.6033,0.29,0.9525
R3108,Backend Developer,0.4526,0.2076,0.7001
R3109,Backend Developer,0.4947,0.184,0.8597
R3110,ML Engineer,0.5872,0.2615,0.9477
R3111,Data Scientist,0.6436,0.3307,0.9686
R3112,ML Engineer,0.5017,0.145,0.8964
R3113,ML Engineer,0.4142,0.0427,0.7865
R3114,ML Engineer,0.5774,0.2322,0.9481
R3115,Software Engineer,0.6703,0.3538,0.9767
R3116,Data Analyst,0.6408,0.3225,0.9687
R3117,Frontend Developer,0.5007,0.1422,0.8965
R3118,Data Scientist,0.4348,0.1045,0.7832
R3119,Frontend Developer,0.4258,0.0775,0.7846
R3120,Software Engineer,0.5131,0.1794,0.8954
R3121,Data Scientist,0.4897,0.1358,0.8822
R3122,Software Engineer,0.1963,0.139,0.0369
R3123,Frontend Developer,0.2965,0.0644,0.2746
R3124,ML Engineer,0.6223,0.324,0.9575
R3125,Data Analyst,0.6529,0.3587,0.9683
R3126,Software Engineer,0.3297,0.1856,0.2218
R3127,ML Engineer,0.5538,0.1947,0.9389
R3128,ML Engineer,0.3286,0.1215,0.308
R3129,Software Engineer,0.1639,0.0416,0.038
R3130,Software Engineer,0.5424,0.3438,0.8087
R3131,Software Engineer,0.7104,0.3979,0.9844
R3132,Backend Developer,0.2318,0.1455,0.0623
R3133,Frontend Developer,0.5466,0.2112,0.9253
R3134,Software Engineer,0.7133,0.4065,0.9844
R3135,Backend Developer,0.4183,0.055,0.7858
R3136,Software Engineer,0.6016,0.3049,0.947
R3137,Data Analyst,0.5774,0.2655,0.9376
R3138,Frontend Developer,0.5488,0.2178,0.9251
R3139,Data Analyst,0.4012,0.1536,0.5771
R3140,Software Engineer,0.5098,0.196,0.8802
R3141,Backend Developer,0.5148,0.2942,0.798
R3142,ML Engineer,0.5552,0.2372,0.9247
R3143,Software Engineer,0.6205,0.3186,0.9575
R3144,Backend Developer,0.5101,0.1702,0.8956
R3145,Data Analyst,0.4742,0.4394,0.4005
R3146,Software Engineer,0.5048,0.1543,0.8961
R3147,Software Engineer,0.4157,0.0472,0.7862
R3148,Backend Developer,0.3406,0.2519,0.1786
R3149,Data Analyst,0.4198,0.0594,0.7856
R3150,Data Scientist,0.5457,0.2372,0.9129
R3151,Backend Developer,0.5785,0.2688,0.9376
R3152,Software Engineer,0.5352,0.3805,0.7585
R3153,Frontend Developer,0.4237,0.0712,0.7849
R3154,Frontend Developer,0.6491,0.3473,0.9684
R3155,ML Engineer,0.5315,0.1944,0.914
R3156,Frontend Developer,0.2613,0.1739,0.0841
R3157,Software Engineer,0.4268,0.0805,0.7844
R3158,Data Analyst,0.5967,0.3402,0.9254
R3159,ML Engineer,0.4899,0.1363,0.8821
R3160,Data Analyst,0.595,0.2849,0.9473
R3161,Software Engineer,0.4907,0.1389,0.8821
R3162,Frontend Developer,0.6447,0.3342,0.9685
R3163,Backend Developer,0.4238,0.1614,0.6549
R3164,Frontend Developer,0.6037,0.2912,0.9525
R3165,Backend Developer,0.6462,0.3386,0.9685
R3166,Backend Developer,0.4158,0.0474,0.7862
R3167,Data Analyst,0.4288,0.0863,0.7841
R3168,Backend Developer,0.4183,0.0549,0.7858
R3169,ML Engineer,0.2549,0.1546,0.0846
R3170,Data Scientist,0.4265,0.0795,0.7845
R3171,Data Analyst,0.6562,0.4186,0.9524
R3172,Frontend Developer,0.5295,0.1884,0.9142
R3173,Frontend Developer,0.5921,0.2562,0.953
R3174,Frontend Developer,0.6994,0.441,0.9761
R3175,ML Engineer,0.6,0.3252,0.9355
R3176,Frontend Developer,0.2246,0.0739,0.0883
R3177,Backend Developer,0.3644,0.0433,0.5978
R3178,Frontend Developer,0.4816,0.1449,0.8612
R3179,ML Engineer,0.175,0.0749,0.0376
R3180,ML Engineer,0.3714,0.3214,0.1945
R3181,Data Analyst,0.5399,0.2196,0.9134
R3182,Software Engineer,0.4324,0.0971,0.7836
R3183,Data Scientist,0.6329,0.2987,0.9689
R3184,Data Scientist,0.4394,0.1183,0.7824
R3185,Data Scientist,0.302,0.2274,0.1166
R3186,Data Analyst,0.406,0.2513,0.4233
R3187,Software Engineer,0.5332,0.1995,0.9139
R3188,ML Engineer,0.5039,0.1516,0.8962
R3189,Software Engineer,0.5628,0.2217,0.9384
R3190,Backend Developer,0.5674,0.2357,0.9382
R3191,Frontend Developer,0.4881,0.1499,0.8702
R3192,Backend Developer,0.5418,0.2255,0.9132
R3193,Frontend Developer,0.41,0.2497,0.4343
R3194,Data Analyst,0.3342,0.2526,0.1629
R3195,Data Scientist,0.5444,0.2331,0.913
R3196,Data Scientist,0.3577,0.3232,0.1598
R3197,Frontend Developer,0.6831,0.3694,0.9794
R3198,Software Engineer,0.3223,0.2502,0.1393
R3199,Data Analyst,0.5258,0.1773,0.9144
R3200,Data Scientist,0.4165,0.0496,0.7861
R3201,Backend Developer,0.6705,0.3544,0.9767
R3202,ML Engineer,0.4176,0.0529,0.7859
R3203,Data Analyst,0.4387,0.116,0.7825
R3204,ML Engineer,0.4223,0.0669,0.7852
R3205,Frontend Developer,0.2748,0.0743,0.1934
R3206,Software Engineer,0.5708,0.2458,0.938
R3207,ML Engineer,0.4842,0.1384,0.8707
R3208,Software Engineer,0.5649,0.2281,0.9383
R3209,Data Scientist,0.4851,0.1554,0.8608
R3210,Software Engineer,0.5327,0.198,0.9139
R3211,Data Analyst,0.2785,0.0856,0.1929
R3212,ML Engineer,0.7415,0.4244,0.9891
R3213,ML Engineer,0.4186,0.0558,0.7858
R3214,Frontend Developer,0.6513,0.3538,0.9684
R3215,Data Analyst,0.5068,0.2062,0.8682
R3216,Software Engineer,0.3977,0.2731,0.3486
R3217,Backend Developer,0.4098,0.3793,0.2454
R3218,Software Engineer,0.4813,0.1297,0.871
R3219,Frontend Developer,0.5117,0.2016,0.88
R3220,ML Engineer,0.536,0.208,0.9137
R3221,Backend Developer,0.4276,0.2292,0.5604
R3222,Backend Developer,0.4258,0.0774,0.7846
R3223,Software Engineer,0.4842,0.2848,0.7024
R3224,Backend Developer,0.4244,0.0731,0.7848
R3225,Data Analyst,0.4201,0.0603,0.7855
R3226,Backend Developer,0.6965,0.4094,0.9791
R3227,Software Engineer,0.4244,0.0732,0.7848
R3228,Data Analyst,0.5467,0.2115,0.9253
R3229,Frontend Developer,0.3692,0.1492,0.4356
R3230,Data Analyst,0.4497,0.2032,0.7022
R3231,Data Scientist,0.4259,0.0778,0.7846
R3232,Backend Developer,0.4998,0.1661,0.8812
R3233,Data Scientist,0.5932,0.2795,0.9474
R3234,Frontend Developer,0.1763,0.079,0.0375
R3235,Software Engineer,0.3211,0.2468,0.1395
R3236,Data Scientist,0.5813,0.3313,0.9084
R3237,Data Analyst,0.5232,0.2097,0.8945
R3238,Backend Developer,0.4234,0.0701,0.785
R3239,Data Scientist,0.6367,0.4175,0.9376
R3240,Software Engineer,0.696,0.3546,0.9846
R3241,Data Analyst,0.5885,0.2654,0.9476
R3242,Backend Developer,0.5233,0.17,0.9146
R3243,ML Engineer,0.5069,0.1608,0.8959
R3244,ML Engineer,0.5664,0.2327,0.9382
R3245,Software Engineer,0.5678,0.2369,0.9382
R3246,Backend Developer,0.6016,0.2848,0.9526
R3247,Frontend Developer,0.3548,0.2227,0.2581
R3248,ML Engineer,0.5643,0.2262,0.9384
R3249,ML Engineer,0.3424,0.2772,0.1618
R3250,Software Engineer,0.4878,0.1634,0.8605
R3251,Data Scientist,0.7167,0.4167,0.9843
R3252,Software Engineer,0.4228,0.0683,0.7851
R3253,Data Analyst,0.4165,0.0496,0.7861
R3254,Software Engineer,0.4135,0.0404,0.7866
R3255,Data Scientist,0.4323,0.1868,0.6531
R3256,ML Engineer,0.4204,0.0613,0.7855
R3257,Software Engineer,0.6987,0.3627,0.9846
R3258,ML Engineer,0.561,0.2165,0.9385
R3259,Backend Developer,0.4168,0.0503,0.7861
R3260,Data Scientist,0.6105,0.3315,0.9466
R3261,Frontend Developer,0.4218,0.0655,0.7853
R3262,Software Engineer,0.6193,0.3149,0.9576
R3263,Data Scientist,0.4331,0.0992,0.7834
R3264,Data Scientist,0.4269,0.0806,0.7844
R3265,Data Analyst,0.293,0.2291,0.1012
R3266,Data Analyst,0.7564,0.4691,0.9889
R3267,Data Analyst,0.5656,0.2303,0.9383
R3268,Backend Developer,0.5042,0.1527,0.8962
R3269,Backend Developer,0.4183,0.055,0.7858
R3270,Software Engineer,0.6081,0.2814,0.958
R3271,Data Analyst,0.4374,0.1123,0.7827
R3272,Frontend Developer,0.4721,0.1997,0.772
R3273,Backend Developer,0.5505,0.2514,0.9126
R3274,Frontend Developer,0.5061,0.1583,0.896
R3275,ML Engineer,0.5018,0.1453,0.8964
R3276,Backend Developer,0.4134,0.0401,0.7866
R3277,Software Engineer,0.5129,0.2686,0.8165
R3278,Backend Developer,0.2498,0.1662,0.0736
R3279,Data Analyst,0.5485,0.2454,0.9127
R3280,ML Engineer,0.2369,0.1608,0.062
R3281,Frontend Developer,0.5529,0.1921,0.939
R3282,Data Scientist,0.3819,0.0707,0.6315
R3283,Data Scientist,0.6136,0.3407,0.9464
R3284,Frontend Developer,0.5552,0.1988,0.9389
R3285,Data Analyst,0.4771,0.3063,0.6489
R3286,Data Scientist,0.3487,0.1627,0.328
R3287,Data Scientist,0.5212,0.2035,0.8946
R3288,Data Scientist,0.4846,0.2127,0.7993
R3289,Frontend Developer,0.571,0.2465,0.938
R3290,Data Scientist,0.5857,0.2572,0.9477
R3291,Data Scientist,0.5036,0.1507,0.8962
R3292,Data Analyst,0.7627,0.448,0.9912
R3293,Data Scientist,0.4315,0.2696,0.5179
R3294,Backend Developer,0.4744,0.3856,0.5022
R3295,Frontend Developer,0.5043,0.1528,0.8962
R3296,Frontend Developer,0.4948,0.1511,0.8817
R3297,Data Scientist,0.5715,0.2478,0.938
R3298,Frontend Developer,0.2614,0.0844,0.1501
R3299,Frontend Developer,0.6923,0.3434,0.9847
R3300,Data Analyst,0.236,0.1437,0.0672
R3301,Data Analyst,0.6306,0.349,0.9571
R3302,Backend Developer,0.6327,0.2981,0.9689
R3303,Software Engineer,0.563,0.2222,0.9384
R3304,Data Analyst,0.5031,0.1759,0.8808
R3305,Data Analyst,0.3534,0.2184,0.2583
R3306,Backend Developer,0.4364,0.2665,0.527
R3307,Software Engineer,0.4271,0.1898,0.6145
R3308,Data Scientist,0.5665,0.2328,0.9382
R3309,Frontend Developer,0.6241,0.2724,0.9691
R3310,Backend Developer,0.3095,0.2119,0.1408
R3311,Frontend Developer,0.7392,0.446,0.9872
R3312,Frontend Developer,0.3999,0.3497,0.2472
R3313,Data Scientist,0.5711,0.2468,0.938
R3314,Frontend Developer,0.4975,0.1591,0.8814
R3315,Frontend Developer,0.1767,0.08,0.0375
R3316,ML Engineer,0.5992,0.3225,0.9355
R3317,Backend Developer,0.42,0.0599,0.7856
R3318,Data Analyst,0.4191,0.0572,0.7857
R3319,Data Analyst,0.3822,0.2425,0.3353
R3320,Backend Developer,0.437,0.3536,0.3955
R3321,Data Analyst,0.4213,0.0638,0.7853
R3322,Software Engineer,0.5373,0.212,0.9136
R3323,Frontend Developer,0.5496,0.182,0.9392
R3324,Frontend Developer,0.3797,0.0641,0.632
R3325,Data Scientist,0.4756,0.2817,0.6754
R3326,Frontend Developer,0.5929,0.2586,0.9529
R3327,Data Scientist,0.5076,0.1627,0.8959
R3328,Data Analyst,0.6445,0.3336,0.9686
R3329,Data Scientist,0.1836,0.1009,0.0373
R3330,Data Scientist,0.5026,0.1743,0.8809
R3331,ML Engineer,0.646,0.3381,0.9685
R3332,ML Engineer,0.4227,0.068,0.7851
R3333,ML Engineer,0.5366,0.2097,0.9136
R3334,ML Engineer,0.4289,0.0866,0.7841
R3335,Backend Developer,0.5422,0.2265,0.9132
R3336,Frontend Developer,0.532,0.1674,0.9263
R3337,Data Analyst,0.4214,0.2393,0.5203
R3338,Backend Developer,0.5355,0.2066,0.9137
R3339,Frontend Developer,0.5218,0.1653,0.9147
R3340,Data Analyst,0.5709,0.246,0.938
R3341,Backend Developer,0.5923,0.2769,0.9474
R3342,Software Engineer,0.5648,0.2278,0.9383
R3343,Frontend Developer,0.6497,0.3492,0.9684
R3344,ML Engineer,0.5515,0.2261,0.925
R3345,Data Analyst,0.4302,0.0905,0.7839
R3346,Frontend Developer,0.5466,0.3566,0.8081
R3347,Frontend Developer,0.5757,0.2603,0.9377
R3348,Data Scientist,0.5189,0.1568,0.915
R3349,Data Scientist,0.3915,0.1896,0.4689
R3350,Data Analyst,0.6105,0.362,0.9309
R3351,Data Scientist,0.5322,0.1967,0.914
R3352,ML Engineer,0.5597,0.2126,0.9386
R3353,Backend Developer,0.479,0.137,0.8615
R3354,Software Engineer,0.5846,0.2539,0.9478
R3355,Data Scientist,0.3765,0.117,0.5365
R3356,Backend Developer,0.4232,0.0697,0.785
R3357,Data Analyst,0.5679,0.2371,0.9382
R3358,Backend Developer,0.5091,0.2489,0.8316
R3359,Software Engineer,0.4264,0.0793,0.7845
R3360,Data Analyst,0.6215,0.3216,0.9575
R3361,Data Analyst,0.4311,0.1433,0.7148
R3362,Data Scientist,0.6513,0.3705,0.9626
R3363,Data Analyst,0.7478,0.4435,0.989
R3364,ML Engineer,0.5733,0.3075,0.909
R3365,Data Analyst,0.5062,0.1853,0.8805
R3366,Frontend Developer,0.4792,0.1232,0.8712
R3367,Software Engineer,0.5515,0.2259,0.925
R3368,Frontend Developer,0.6332,0.2997,0.9689
R3369,Software Engineer,0.485,0.1551,0.8608
R3370,Frontend Developer,0.6076,0.2799,0.958
R3371,ML Engineer,0.2669,0.1508,0.1035
R3372,Backend Developer,0.6195,0.3156,0.9576
R3373,ML Engineer,0.4917,0.4536,0.4509
R3374,ML Engineer,0.5727,0.2514,0.9379
R3375,Data Scientist,0.436,0.1079,0.783
R3376,Software Engineer,0.5106,0.1719,0.8956
R3377,ML Engineer,0.583,0.2491,0.9479
R3378,Data Scientist,0.4999,0.1662,0.8812
R3379,ML Engineer,0.4723,0.1819,0.8006
R3380,ML Engineer,0.3897,0.3192,0.249
R3381,ML Engineer,0.6544,0.3631,0.9683
R3382,Data Analyst,0.5359,0.2078,0.9137
R3383,ML Engineer,0.5288,0.1863,0.9142
R3384,Backend Developer,0.5074,0.2222,0.8582
R3385,Data Analyst,0.5073,0.162,0.8959
R3386,Data Scientist,0.4292,0.0877,0.7841
R3387,Backend Developer,0.6352,0.3627,0.957
R3388,Data Scientist,0.605,0.272,0.9581
R3389,Software Engineer,0.4788,0.1363,0.8615
R3390,Backend Developer,0.5106,0.1986,0.8801
R3391,Frontend Developer,0.4255,0.0764,0.7847
R3392,Data Analyst,0.7375,0.4124,0.9891
R3393,Data Scientist,0.4931,0.1459,0.8818
R3394,Data Scientist,0.5769,0.3725,0.8683
R3395,Frontend Developer,0.4963,0.3555,0.6296
R3396,Data Scientist,0.4231,0.0693,0.785
R3397,ML Engineer,0.5769,0.2639,0.9377
R3398,Frontend Developer,0.3364,0.1759,0.2643
R3399,Software Engineer,0.525,0.1751,0.9145
R3400,ML Engineer,0.5063,0.159,0.896
R3401,ML Engineer,0.4905,0.1716,0.8602
R3402,Software Engineer,0.5635,0.224,0.9384
R3403,Frontend Developer,0.6373,0.312,0.9688
R3404,ML Engineer,0.3087,0.1118,0.2481
R3405,ML Engineer,0.4786,0.1357,0.8616
R3406,Software Engineer,0.6813,0.3638,0.9794
R3407,Backend Developer,0.317,0.1534,0.2232
R3408,Data Scientist,0.574,0.2554,0.9378
R3409,Software Engineer,0.4811,0.129,0.871
R3410,Data Analyst,0.5916,0.2548,0.953
R3411,Data Scientist,0.3083,0.1,0.2724
R3412,ML Engineer,0.1745,0.0736,0.0376
R3413,ML Engineer,0.3191,0.2406,0.1397
R3414,Backend Developer,0.33,0.1901,0.2203
R3415,ML Engineer,0.4164,0.0491,0.7861
R3416,Frontend Developer,0.4839,0.1373,0.8707
R3417,ML Engineer,0.5599,0.2131,0.9386
R3418,Backend Developer,0.4927,0.2032,0.8327
R3419,Frontend Developer,0.2446,0.1504,0.0739
R3420,Frontend Developer,0.5125,0.1776,0.8954
R3421,Data Analyst,0.4223,0.067,0.7852
R3422,Software Engineer,0.614,0.2991,0.9578
R3423,Frontend Developer,0.5683,0.2383,0.9381
R3424,Frontend Developer,0.5986,0.2759,0.9527
R3425,Software Engineer,0.5352,0.2057,0.9137
R3426,Backend Developer,0.4439,0.2217,0.6506
R3427,Software Engineer,0.4842,0.1525,0.8609
R3428,Software Engineer,0.7092,0.3942,0.9844
R3429,Frontend Developer,0.5301,0.1904,0.9141
R3430,Data Analyst,0.4969,0.1765,0.8693
R3431,Data Scientist,0.6062,0.2985,0.9524
R3432,Data Scientist,0.2515,0.1711,0.0735
R3433,Backend Developer,0.4474,0.2138,0.6685
R3434,Backend Developer,0.6872,0.3815,0.9793
R3435,Frontend Developer,0.7397,0.4191,0.9891
R3436,Data Analyst,0.5205,0.3366,0.7611
R3437,Frontend Developer,0.3562,0.1688,0.3425
R3438,Frontend Developer,0.5001,0.1404,0.8965
R3439,Software Engineer,0.3543,0.0504,0.5417
R3440,Data Analyst,0.5498,0.2208,0.9251
R3441,Backend Developer,0.5066,0.2055,0.8682
R3442,Data Analyst,0.6974,0.4121,0.9791
R3443,Backend Developer,0.3128,0.1383,0.232
R3444,Software Engineer,0.6043,0.3129,0.9468
R3445,Backend Developer,0.5265,0.2195,0.8942
R3446,ML Engineer,0.4623,0.2868,0.6031
R3447,Software Engineer,0.2559,0.0678,0.1508
R3448,Data Analyst,0.6847,0.374,0.9793
R3449,Frontend Developer,0.4327,0.0982,0.7835
R3450,Frontend Developer,0.5544,0.2703,0.9024
R3451,Backend Developer,0.7058,0.3839,0.9845
R3452,ML Engineer,0.518,0.1541,0.915
R3453,ML Engineer,0.4479,0.1354,0.7785
R3454,Data Scientist,0.6615,0.3844,0.9681
R3455,ML Engineer,0.6106,0.2889,0.9579
R3456,ML Engineer,0.5072,0.3715,0.6668
R3457,ML Engineer,0.7447,0.434,0.9891
R3458,Data Scientist,0.6139,0.3216,0.952
R3459,Software Engineer,0.7061,0.4183,0.9812
R3460,ML Engineer,0.443,0.1398,0.7595
R3461,Software Engineer,0.6433,0.3298,0.9686
R3462,Frontend Developer,0.651,0.3529,0.9684
R3463,Frontend Developer,0.4851,0.1218,0.8826
R3464,Data Scientist,0.5112,0.2004,0.88
R3465,Data Scientist,0.4881,0.1894,0.8333
R3466,ML Engineer,0.556,0.2015,0.9388
R3467,Data Analyst,0.5473,0.2418,0.9128
R3468,Software Engineer,0.4963,0.1745,0.8694
R3469,Data Analyst,0.5153,0.1858,0.8952
R3470,Backend Developer,0.4224,0.0673,0.7852
R3471,Frontend Developer,0.5606,0.3318,0.8717
R3472,Backend Developer,0.4386,0.2243,0.6119
R3473,Frontend Developer,0.4075,0.1581,0.5959
R3474,Data Analyst,0.5929,0.2787,0.9474
R3475,Backend Developer,0.5253,0.1758,0.9145
R3476,Data Scientist,0.4908,0.1582,0.8699
R3477,Frontend Developer,0.4377,0.1382,0.7448
R3478,Backend Developer,0.5348,0.2045,0.9138
R3479,ML Engineer,0.4,0.2334,0.4247
R3480,Data Scientist,0.4606,0.3985,0.4036
R3481,Data Scientist,0.4968,0.1761,0.8693
R3482,ML Engineer,0.6262,0.2785,0.9691
R3483,ML Engineer,0.5677,0.2364,0.9382
R3484,Software Engineer,0.5929,0.2588,0.9529
R3485,Data Analyst,0.7332,0.4662,0.9841
R3486,Backend Developer,0.1754,0.0763,0.0376
R3487,Frontend Developer,0.5695,0.2418,0.9381
R3488,Software Engineer,0.2461,0.1884,0.0615
R3489,Software Engineer,0.5752,0.259,0.9378
R3490,Backend Developer,0.2232,0.1052,0.0679
R3491,Frontend Developer,0.2871,0.2112,0.1018
R3492,Data Scientist,0.1836,0.1007,0.0373
R3493,Data Scientist,0.6242,0.3297,0.9574
R3494,Software Engineer,0.4972,0.2126,0.8311
R3495,Data Scientist,0.6282,0.3922,0.9381
R3496,Backend Developer,0.2735,0.2106,0.0832
R3497,ML Engineer,0.4236,0.0707,0.785
R3498,Data Scientist,0.6072,0.2788,0.9581
R3499,Backend Developer,0.5561,0.2016,0.9388
R3500,ML Engineer,0.6464,0.3392,0.9685
R3501,Data Scientist,0.635,0.3051,0.9688
R3502,Data Scientist,0.6951,0.3521,0.9846
R3503,Backend Developer,0.4163,0.0488,0.7862
R3504,Frontend Developer,0.4904,0.1921,0.832
R3505,Frontend Developer,0.5783,0.235,0.9481
R3506,Software Engineer,0.5954,0.2861,0.9473
R3507,Frontend Developer,0.5048,0.2,0.8684
R3508,Frontend Developer,0.7486,0.4958,0.9834
R3509,Data Scientist,0.4459,0.2949,0.5248
R3510,Data Scientist,0.7111,0.3999,0.9844
R3511,Software Engineer,0.5961,0.2683,0.9528
R3512,Data Scientist,0.7007,0.3689,0.9846
R3513,ML Engineer,0.6375,0.3125,0.9688
R3514,Data Analyst,0.5694,0.2416,0.9381
R3515,ML Engineer,0.4506,0.3143,0.5079
R3516,Data Analyst,0.585,0.2884,0.9372
R3517,ML Engineer,0.5365,0.2496,0.8933
R3518,Backend Developer,0.6489,0.3468,0.9684
R3519,Software Engineer,0.4988,0.1821,0.8691
R3520,Backend Developer,0.65,0.3501,0.9684
R3521,Backend Developer,0.547,0.2125,0.9253
R3522,ML Engineer,0.4448,0.2645,0.5707
R3523,Frontend Developer,0.4343,0.1028,0.7832
R3524,Data Analyst,0.6033,0.2899,0.9525
R3525,Backend Developer,0.4847,0.1398,0.8706
R3526,Data Scientist,0.5498,0.2493,0.9126
R3527,ML Engineer,0.4027,0.1582,0.5767
R3528,ML Engineer,0.513,0.1791,0.8954
R3529,Data Scientist,0.3988,0.2299,0.4249
R3530,Data Analyst,0.425,0.0749,0.7847
R3531,Software Engineer,0.6079,0.2807,0.958
R3532,Backend Developer,0.5174,0.1921,0.895
R3533,Data Scientist,0.6032,0.2895,0.9525
R3534,Data Scientist,0.5636,0.2242,0.9384
R3535,Software Engineer,0.5406,0.3969,0.7576
R3536,Data Scientist,0.5417,0.1965,0.9256
R3537,Software Engineer,0.6341,0.3024,0.9689
R3538,Data Analyst,0.2565,0.1594,0.0845
R3539,Frontend Developer,0.5221,0.2064,0.8946
R3540,Data Scientist,0.576,0.2614,0.9377
R3541,Frontend Developer,0.3217,0.2483,0.1394
R3542,Data Analyst,0.6056,0.2739,0.9581
R3543,ML Engineer,0.5292,0.1875,0.9142
R3544,Software Engineer,0.7181,0.4209,0.9843
R3545,Backend Developer,0.4273,0.0818,0.7844
R3546,ML Engineer,0.4275,0.0824,0.7843
R3547,Data Scientist,0.4766,0.1297,0.8618
R3548,Software Engineer,0.4184,0.0552,0.7858
R3549,ML Engineer,0.7158,0.4142,0.9843
R3550,Data Analyst,0.4788,0.1365,0.8615
R3551,ML Engineer,0.5712,0.2468,0.938
R3552,ML Engineer,0.6126,0.295,0.9578
R3553,Data Analyst,0.1745,0.0734,0.0376
R3554,Software Engineer,0.4683,0.105,0.8627
R3555,Frontend Developer,0.5605,0.2147,0.9386
R3556,Software Engineer,0.3473,0.2002,0.2595
R3557,Data Scientist,0.5509,0.2528,0.9125
R3558,Data Analyst,0.4363,0.109,0.7829
R3559,Software Engineer,0.2783,0.0848,0.1929
R3560,Data Scientist,0.6132,0.3396,0.9464
R3561,Software Engineer,0.6408,0.3225,0.9687
R3562,Data Analyst,0.3004,0.2513,0.1006
R3563,Software Engineer,0.6352,0.3055,0.9688
R3564,Data Scientist,0.3622,0.2199,0.2882
R3565,Data Scientist,0.4924,0.3773,0.5839
R3566,Data Analyst,0.2241,0.0724,0.0883
R3567,Data Analyst,0.6126,0.2949,0.9578
R3568,Software Engineer,0.5214,0.3392,0.7609
R3569,ML Engineer,0.4944,0.1832,0.8597
R3570,Data Analyst,0.5345,0.2034,0.9138
R3571,Data Scientist,0.6398,0.3193,0.9687
R3572,Frontend Developer,0.3295,0.2134,0.1943
R3573,ML Engineer,0.5529,0.23,0.9249
R3574,Software Engineer,0.4183,0.055,0.7858
R3575,Frontend Developer,0.5833,0.23,0.9533
R3576,Data Analyst,0.6199,0.3397,0.9518
R3577,Frontend Developer,0.7034,0.377,0.9845
R3578,Software Engineer,0.4934,0.1659,0.8697
R3579,Backend Developer,0.4833,0.15,0.861
R3580,Backend Developer,0.7002,0.3672,0.9846
R3581,ML Engineer,0.1796,0.0887,0.0374
R3582,ML Engineer,0.6154,0.3033,0.9577
R3583,Data Analyst,0.4398,0.1193,0.7823
R3584,Backend Developer,0.576,0.2613,0.9377
R3585,Software Engineer,0.6718,0.3583,0.9767
R3586,Frontend Developer,0.5817,0.2785,0.9374
R3587,Software Engineer,0.5985,0.2754,0.9527
R3588,Backend Developer,0.4982,0.1612,0.8813
R3589,Frontend Developer,0.4517,0.1826,0.7334
R3590,Software Engineer,0.5613,0.2171,0.9385
R3591,Software Engineer,0.4483,0.1448,0.781
R3592,Software Engineer,0.5302,0.1905,0.9141
R3593,Data Scientist,0.3786,0.1859,0.4121
R3594,Software Engineer,0.5741,0.2557,0.9378
R3595,Data Scientist,0.3416,0.2249,0.2184
R3596,Backend Developer,0.4329,0.0988,0.7835
R3597,Backend Developer,0.5531,0.1925,0.939
R3598,ML Engineer,0.565,0.2284,0.9383
R3599,Data Scientist,0.611,0.3129,0.9522
R3600,Software Engineer,0.4814,0.1441,0.8612
R3601,Software Engineer,0.5796,0.2389,0.948
R3602,Frontend Developer,0.4878,0.13,0.8824
R3603,Data Scientist,0.5546,0.2352,0.9248
R3604,Data Analyst,0.3824,0.2973,0.2503
R3605,ML Engineer,0.2529,0.1488,0.0847
R3606,ML Engineer,0.5789,0.2701,0.9375
R3607,Data Analyst,0.4802,0.2621,0.7288
R3608,ML Engineer,0.6166,0.3069,0.9577
R3609,Frontend Developer,0.5702,0.298,0.9093
R3610,ML Engineer,0.4482,0.253,0.6097
R3611,Backend Developer,0.4967,0.1759,0.8693
R3612,Frontend Developer,0.5967,0.29,0.9472
R3613,ML Engineer,0.7116,0.4016,0.9844
R3614,Data Scientist,0.5297,0.1892,0.9141
R3615,ML Engineer,0.5937,0.2612,0.9529
R3616,Frontend Developer,0.4364,0.1091,0.7829
R3617,Software Engineer,0.3985,0.1704,0.5258
R3618,Data Scientist,0.4213,0.0638,0.7853
R3619,Data Analyst,0.6542,0.3625,0.9683
R3620,Frontend Developer,0.5721,0.2496,0.9379
R3621,Data Scientist,0.5134,0.2902,0.7982
R3622,Backend Developer,0.5899,0.2698,0.9475
R3623,Data Scientist,0.6796,0.3818,0.9765
R3624,Data Scientist,0.5252,0.1755,0.9145
R3625,Frontend Developer,0.2412,0.1737,0.0618
R3626,Backend Developer,0.5563,0.319,0.8722
R3627,Data Scientist,0.427,0.0811,0.7844
R3628,Data Scientist,0.4852,0.1557,0.8608
R3629,Software Engineer,0.3786,0.0858,0.5946
R3630,Backend Developer,0.3082,0.2461,0.116
R3631,Frontend Developer,0.5591,0.2107,0.9386
R3632,Frontend Developer,0.4164,0.1893,0.5816
R3633,Data Analyst,0.4721,0.4331,0.401
R3634,Frontend Developer,0.4793,0.1631,0.8345
R3635,Data Analyst,0.8538,0.5614,0.9962
R3636,Data Scientist,0.4917,0.1608,0.8699
R3637,Backend Developer,0.4033,0.3598,0.2466
R3638,Data Scientist,0.4196,0.0588,0.7856
R3639,Data Analyst,0.501,0.1696,0.881
R3640,Software Engineer,0.6296,0.2889,0.969
R3641,Software Engineer,0.5641,0.2256,0.9384
R3642,Backend Developer,0.5115,0.1745,0.8955
R3643,ML Engineer,0.5538,0.1948,0.9389
R3644,Data Analyst,0.5285,0.1856,0.9142
R3645,Frontend Developer,0.7345,0.4701,0.9841
R3646,Frontend Developer,0.3661,0.2321,0.2907
R3647,Frontend Developer,0.3593,0.0653,0.5406
R3648,Data Scientist,0.4925,0.3097,0.7007
R3649,Data Scientist,0.5889,0.3001,0.937
R3650,Backend Developer,0.4241,0.0724,0.7849
R3651,Data Scientist,0.5428,0.2283,0.9132
R3652,Backend Developer,0.4857,0.2072,0.8104
R3653,Data Scientist,0.5051,0.1819,0.8806
R3654,Data Scientist,0.4932,0.2046,0.8326
R3655,Data Scientist,0.5112,0.2545,0.8292
R3656,ML Engineer,0.5671,0.2345,0.9382
R3657,Software Engineer,0.4534,0.2102,0.6999
R3658,ML Engineer,0.5853,0.2892,0.9372
R3659,Frontend Developer,0.4948,0.1512,0.8817
R3660,Data Analyst,0.5311,0.2334,0.8937
R3661,Data Analyst,0.4192,0.241,0.4991
R3662,Backend Developer,0.7098,0.4293,0.9811
R3663,Data Scientist,0.5306,0.1919,0.9141
R3664,Backend Developer,0.4302,0.0907,0.7839
R3665,Backend Developer,0.3189,0.278,0.115
R3666,Data Analyst,0.5666,0.233,0.9382
R3667,Data Analyst,0.649,0.3469,0.9684
R3668,Backend Developer,0.5404,0.2213,0.9133
R3669,Data Analyst,0.524,0.2119,0.8944
R3670,Frontend Developer,0.6731,0.3623,0.9767
R3671,Frontend Developer,0.421,0.288,0.4163
R3672,Data Scientist,0.5269,0.1808,0.9144
R3673,Frontend Developer,0.5559,0.2011,0.9388
R3674,Frontend Developer,0.5154,0.1462,0.9152
R3675,Data Scientist,0.4944,0.1688,0.8696
R3676,Backend Developer,0.2974,0.0671,0.2745
R3677,Software Engineer,0.5299,0.1898,0.9141
R3678,ML Engineer,0.5661,0.2697,0.924
R3679,Data Analyst,0.3424,0.1673,0.2945
R3680,Data Scientist,0.4983,0.1615,0.8813
R3681,Data Scientist,0.6367,0.31,0.9688
R3682,Frontend Developer,0.5896,0.2489,0.9531
R3683,Software Engineer,0.5479,0.4105,0.7536
R3684,Data Analyst,0.69,0.3901,0.9792
R3685,Frontend Developer,0.4215,0.0644,0.7853
R3686,Backend Developer,0.5405,0.1929,0.9257
R3687,Backend Developer,0.6974,0.359,0.9846
R3688,Software Engineer,0.6475,0.3425,0.9685
R3689,Frontend Developer,0.4852,0.1557,0.8608
R3690,Data Analyst,0.48,0.2901,0.6726
R3691,ML Engineer,0.6368,0.3103,0.9688
R3692,Data Analyst,0.5762,0.262,0.9377
R3693,ML Engineer,0.5273,0.1819,0.9143
R3694,Data Scientist,0.2745,0.1734,0.1029
R3695,Backend Developer,0.5778,0.2667,0.9376
R3696,Software Engineer,0.3654,0.1378,0.4365
R3697,Data Scientist,0.5904,0.2713,0.9475
R3698,Data Scientist,0.5539,0.233,0.9248
R3699,ML Engineer,0.305,0.2364,0.1163
R3700,Frontend Developer,0.5032,0.1953,0.8686
R3701,Frontend Developer,0.3412,0.2236,0.2185
R3702,Data Scientist,0.4351,0.1054,0.7831
R3703,Backend Developer,0.5561,0.2397,0.9247
R3704,Software Engineer,0.5663,0.2323,0.9382
R3705,ML Engineer,0.5485,0.2168,0.9252
R3706,Software Engineer,0.5661,0.2697,0.924
R3707,Data Scientist,0.7299,0.4564,0.9841
R3708,Data Scientist,0.6143,0.3229,0.952
R3709,Software Engineer,0.4851,0.1552,0.8608
R3710,Frontend Developer,0.6317,0.2951,0.9689
R3711,ML Engineer,0.5356,0.2067,0.9137
R3712,Frontend Developer,0.483,0.1489,0.8611
R3713,Data Analyst,0.2223,0.067,0.0884
R3714,Software Engineer,0.5101,0.1704,0.8956
R3715,Data Scientist,0.4261,0.0783,0.7846
R3716,Frontend Developer,0.5739,0.2549,0.9378
R3717,Software Engineer,0.5713,0.2473,0.938
R3718,Software Engineer,0.633,0.2989,0.9689
R3719,Software Engineer,0.4771,0.1169,0.8714
R3720,Data Analyst,0.4586,0.2258,0.6988
R3721,Data Analyst,0.4589,0.2265,0.6988
R3722,Backend Developer,0.561,0.2165,0.9385
R3723,Frontend Developer,0.4863,0.3644,0.5823
R3724,Backend Developer,0.7092,0.3944,0.9844
R3725,Backend Developer,0.6122,0.2937,0.9579
R3726,Frontend Developer,0.2815,0.1553,0.1326
R3727,ML Engineer,0.4186,0.0557,0.7858
R3728,Data Analyst,0.4208,0.0625,0.7854
R3729,Data Analyst,0.5582,0.208,0.9387
R3730,Backend Developer,0.517,0.1911,0.895
R3731,Data Analyst,0.2493,0.1646,0.0736
R3732,Frontend Developer,0.6928,0.345,0.9847
R3733,ML Engineer,0.5962,0.2685,0.9528
R3734,Data Analyst,0.6225,0.2676,0.9692
R3735,Data Scientist,0.5735,0.254,0.9378
R3736,Backend Developer,0.5126,0.1778,0.8954
R3737,Data Analyst,0.5041,0.1522,0.8962
R3738,Backend Developer,0.5545,0.197,0.9389
R3739,Backend Developer,0.1786,0.0857,0.0375
R3740,Frontend Developer,0.6304,0.2911,0.969
R3741,Data Analyst,0.3935,0.2765,0.3329
R3742,ML Engineer,0.4333,0.1,0.7834
R3743,Data Analyst,0.6923,0.397,0.9792
R3744,Data Scientist,0.4906,0.1574,0.87
R3745,ML Engineer,0.4736,0.1207,0.8621
R3746,Data Analyst,0.2938,0.167,0.1504
R3747,Data Scientist,0.6779,0.3538,0.9795
R3748,ML Engineer,0.5522,0.1901,0.939
R3749,Data Analyst,0.5092,0.1675,0.8957
R3750,Backend Developer,0.5579,0.245,0.9245
R3751,Data Analyst,0.4816,0.1449,0.8612
R3752,Frontend Developer,0.5602,0.2141,0.9386
R3753,Backend Developer,0.4014,0.1898,0.519
R3754,Data Scientist,0.3824,0.1972,0.4112
R3755,Software Engineer,0.5391,0.2174,0.9134
R3756,Data Scientist,0.3498,0.216,0.2618
R3757,ML Engineer,0.502,0.1459,0.8964
R3758,Data Analyst,0.5139,0.1818,0.8953
R3759,Data Scientist,0.7428,0.4285,0.9891
R3760,Data Analyst,0.569,0.2402,0.9381
R3761,ML Engineer,0.6241,0.2724,0.9691
R3762,Data Analyst,0.6492,0.3477,0.9684
R3763,Frontend Developer,0.5635,0.224,0.9384
R3764,Data Scientist,0.4395,0.1186,0.7824
R3765,Backend Developer,0.6041,0.2694,0.9582
R3766,Frontend Developer,0.4628,0.1535,0.802
R3767,Software Engineer,0.3459,0.2001,0.2611
R3768,Frontend Developer,0.4367,0.1102,0.7828
R3769,Data Scientist,0.4915,0.1601,0.8699
R3770,Data Scientist,0.4391,0.1422,0.7446
R3771,Data Analyst,0.4298,0.0895,0.784
R3772,Backend Developer,0.5078,0.1633,0.8959
R3773,Data Scientist,0.3061,0.0933,0.2728
R3774,Frontend Developer,0.5356,0.3997,0.7313
R3775,Frontend Developer,0.5086,0.1658,0.8958
R3776,Software Engineer,0.4946,0.1837,0.8597
R3777,Data Scientist,0.5739,0.255,0.9378
R3778,Data Scientist,0.5756,0.2601,0.9377
R3779,Data Scientist,0.6455,0.3937,0.9566
R3780,Backend Developer,0.5351,0.2052,0.9137
R3781,Software Engineer,0.7407,0.422,0.9891
R3782,Software Engineer,0.492,0.176,0.86
R3783,Frontend Developer,0.86,0.5799,0.9962
R3784,Data Scientist,0.561,0.2162,0.9385
R3785,Backend Developer,0.4261,0.0782,0.7846
R3786,Data Scientist,0.46,0.1676,0.7753
R3787,Software Engineer,0.4408,0.1223,0.7822
R3788,Data Scientist,0.3495,0.0983,0.4438
R3789,Frontend Developer,0.5172,0.2182,0.8794
R3790,Software Engineer,0.2557,0.157,0.0845
R3791,Software Engineer,0.4903,0.1374,0.8821
R3792,Data Scientist,0.4244,0.0733,0.7848
R3793,ML Engineer,0.6425,0.3276,0.9686
R3794,Software Engineer,0.4176,0.0527,0.7859
R3795,Software Engineer,0.5837,0.2512,0.9478
R3796,Data Scientist,0.4276,0.0829,0.7843
R3797,Data Scientist,0.3951,0.1711,0.5205
R3798,ML Engineer,0.5016,0.1882,0.8615
R3799,Data Analyst,0.5342,0.2027,0.9138
R3800,Backend Developer,0.5107,0.1722,0.8956
R3801,ML Engineer,0.4313,0.0939,0.7837
R3802,Backend Developer,0.4724,0.1171,0.8623
R3803,Frontend Developer,0.5279,0.1836,0.9143
R3804,Software Engineer,0.3067,0.2033,0.1411
R3805,Frontend Developer,0.4564,0.2024,0.7142
R3806,Data Analyst,0.483,0.2079,0.7996
R3807,ML Engineer,0.5846,0.2338,0.9533
R3808,ML Engineer,0.6017,0.2621,0.9583
R3809,Frontend Developer,0.5564,0.2026,0.9388
R3810,Data Analyst,0.5391,0.2173,0.9134
R3811,Backend Developer,0.4328,0.0985,0.7835
R3812,Data Analyst,0.6026,0.2877,0.9525
R3813,Data Scientist,0.4302,0.0907,0.7839
R3814,Backend Developer,0.5579,0.207,0.9387
R3815,Data Scientist,0.5749,0.2581,0.9378
R3816,Software Engineer,0.5501,0.2216,0.9251
R3817,ML Engineer,0.5964,0.2691,0.9528
R3818,Data Scientist,0.4203,0.236,0.5206
R3819,Backend Developer,0.5552,0.199,0.9389
R3820,Data Analyst,0.536,0.208,0.9137
R3821,Software Engineer,0.4292,0.0877,0.7841
R3822,Data Analyst,0.4613,0.2338,0.6983
R3823,Data Scientist,0.4698,0.1095,0.8625
R3824,Software Engineer,0.5486,0.2173,0.9252
R3825,Data Scientist,0.4645,0.3135,0.5618
R3826,Frontend Developer,0.2709,0.2027,0.0834
R3827,Software Engineer,0.4134,0.0401,0.7866
R3828,Backend Developer,0.4923,0.1983,0.8339
R3829,Backend Developer,0.4813,0.144,0.8612
R3830,Data Analyst,0.4282,0.0845,0.7842
R3831,Data Analyst,0.3332,0.1996,0.2198
R3832,Data Scientist,0.5593,0.2851,0.902
R3833,Frontend Developer,0.5528,0.1916,0.939
R3834,Data Scientist,0.5389,0.2166,0.9135
R3835,Software Engineer,0.4939,0.3641,0.6128
R3836,Software Engineer,0.4887,0.1517,0.8702
R3837,Software Engineer,0.6501,0.3502,0.9684
R3838,Data Scientist,0.1814,0.0942,0.0374
R3839,Data Analyst,0.5552,0.199,0.9389
R3840,Software Engineer,0.5068,0.187,0.8805
R3841,Data Analyst,0.4991,0.1641,0.8812
R3842,Software Engineer,0.5053,0.1559,0.8961
R3843,Data Analyst,0.6798,0.3823,0.9765
R3844,Frontend Developer,0.2482,0.1614,0.0737
R3845,Data Scientist,0.5458,0.2373,0.9129
R3846,Data Scientist,0.6826,0.3907,0.9765
R3847,Frontend Developer,0.6516,0.3547,0.9683
R3848,Data Scientist,0.4938,0.1481,0.8818
R3849,ML Engineer,0.4305,0.1999,0.6138
R3850,Software Engineer,0.5571,0.2427,0.9246
R3851,Frontend Developer,0.5223,0.1669,0.9147
R3852,Data Analyst,0.3592,0.2359,0.2573
R3853,Software Engineer,0.5282,0.1846,0.9143
R3854,Software Engineer,0.5603,0.2523,0.9244
R3855,Data Scientist,0.5925,0.2575,0.953
R3856,Backend Developer,0.5593,0.2114,0.9386
R3857,ML Engineer,0.7195,0.425,0.9843
R3858,Frontend Developer,0.4157,0.1935,0.5632
R3859,Software Engineer,0.482,0.1318,0.8709
R3860,Frontend Developer,0.5587,0.2095,0.9387
R3861,Data Scientist,0.5799,0.2732,0.9375
R3862,Backend Developer,0.4237,0.0711,0.785
R3863,Frontend Developer,0.4859,0.1433,0.8705
R3864,Backend Developer,0.394,0.2153,0.4261
R3865,Software Engineer,0.5035,0.177,0.8808
R3866,Frontend Developer,0.6806,0.3617,0.9794
R3867,ML Engineer,0.614,0.322,0.952
R3868,Data Scientist,0.4833,0.1499,0.861
R3869,Data Analyst,0.5688,0.2396,0.9381
R3870,ML Engineer,0.5823,0.227,0.9534
R3871,Software Engineer,0.3639,0.2501,0.2564
R3872,Data Analyst,0.576,0.2615,0.9377
R3873,Backend Developer,0.4209,0.1525,0.6555
R3874,ML Engineer,0.5472,0.2666,0.8946
R3875,Backend Developer,0.7109,0.3993,0.9844
R3876,ML Engineer,0.5579,0.245,0.9245
R3877,Backend Developer,0.4998,0.1851,0.869
R3878,ML Engineer,0.3864,0.2306,0.3743
R3879,Frontend Developer,0.4344,0.1031,0.7832
R3880,Data Analyst,0.5675,0.2739,0.9239
R3881,Frontend Developer,0.3,0.0751,0.274
R3882,Software Engineer,0.4578,0.39,0.4043
R3883,Frontend Developer,0.5227,0.1682,0.9147
R3884,Software Engineer,0.4349,0.1046,0.7831
R3885,Frontend Developer,0.2622,0.0865,0.15
R3886,Data Analyst,0.5005,0.1873,0.8689
R3887,Frontend Developer,0.5403,0.2208,0.9134
R3888,ML Engineer,0.5916,0.2749,0.9475
R3889,Data Analyst,0.4772,0.2149,0.7711
R3890,Frontend Developer,0.4801,0.1404,0.8614
R3891,Frontend Developer,0.5942,0.2825,0.9473
R3892,Data Scientist,0.6621,0.3864,0.968
R3893,ML Engineer,0.5663,0.2702,0.924
R3894,Frontend Developer,0.3832,0.2995,0.2502
R3895,Data Analyst,0.6889,0.3868,0.9792
R3896,Data Analyst,0.4308,0.0923,0.7838
R3897,Frontend Developer,0.6491,0.3474,0.9684
R3898,Software Engineer,0.5124,0.1955,0.8783
R3899,ML Engineer,0.4894,0.1538,0.8701
R3900,ML Engineer,0.6243,0.33,0.9574
R3901,Software Engineer,0.5414,0.1957,0.9256
R3902,Software Engineer,0.5824,0.2806,0.9373
R3903,Backend Developer,0.5661,0.2315,0.9383
R3904,ML Engineer,0.5541,0.2339,0.9248
R3905,Frontend Developer,0.574,0.2552,0.9378
R3906,ML Engineer,0.5167,0.19,0.8951
R3907,ML Engineer,0.5303,0.191,0.9141
R3908,Data Scientist,0.664,0.392,0.968
R3909,ML Engineer,0.6552,0.3657,0.9682
R3910,Software Engineer,0.4233,0.0698,0.785
R3911,Frontend Developer,0.4294,0.0882,0.784
R3912,Frontend Developer,0.4435,0.2929,0.5096
R3913,Frontend Developer,0.4793,0.1378,0.8615
R3914,Data Analyst,0.5851,0.2888,0.9372
R3915,Frontend Developer,0.5643,0.2262,0.9384
R3916,Data Analyst,0.672,0.359,0.9767
R3917,Frontend Developer,0.4146,0.0437,0.7864
R3918,Backend Developer,0.6075,0.3026,0.9523
R3919,ML Engineer,0.7472,0.4702,0.9871
R3920,Data Analyst,0.4908,0.158,0.8699
R3921,Backend Developer,0.4147,0.0442,0.7864
R3922,Data Scientist,0.5026,0.1478,0.8963
R3923,Frontend Developer,0.689,0.3338,0.9847
R3924,Software Engineer,0.7095,0.3951,0.9844
R3925,Software Engineer,0.6492,0.3475,0.9684
R3926,Frontend Developer,0.4902,0.1563,0.87
R3927,Software Engineer,0.6304,0.2913,0.969
R3928,ML Engineer,0.5106,0.1984,0.8801
R3929,Backend Developer,0.5735,0.2539,0.9378
R3930,Backend Developer,0.3998,0.1492,0.5774
R3931,Frontend Developer,0.494,0.1486,0.8817
R3932,ML Engineer,0.301,0.2245,0.1167
R3933,Backend Developer,0.6586,0.3759,0.9681
R3934,Frontend Developer,0.6668,0.3434,0.9768
R3935,Backend Developer,0.5052,0.2747,0.7961
R3936,Data Analyst,0.5658,0.2308,0.9383
R3937,Software Engineer,0.5876,0.2429,0.9532
R3938,Data Scientist,0.7188,0.4229,0.9843
R3939,Data Analyst,0.5812,0.2771,0.9374
R3940,Backend Developer,0.261,0.2186,0.0657
R3941,Software Engineer,0.4172,0.0517,0.786
R3942,ML Engineer,0.3546,0.2264,0.2595
R3943,Data Scientist,0.342,0.2261,0.2183
R3944,Software Engineer,0.4289,0.0866,0.7841
R3945,Software Engineer,0.292,0.0509,0.2755
R3946,Data Scientist,0.5146,0.2106,0.8797
R3947,Software Engineer,0.537,0.2111,0.9136
R3948,Data Analyst,0.6879,0.4065,0.9764
R3949,ML Engineer,0.2502,0.1673,0.0736
R3950,Data Scientist,0.5109,0.1727,0.8956
R3951,Backend Developer,0.518,0.1941,0.8949
R3952,Software Engineer,0.6621,0.3292,0.9769
R3953,Frontend Developer,0.4513,0.1874,0.7152
R3954,Data Analyst,0.436,0.2882,0.4936
R3955,Data Analyst,0.6153,0.3458,0.9463
R3956,Data Analyst,0.4946,0.1694,0.8695
R3957,Software Engineer,0.5845,0.3409,0.9081
R3958,Frontend Developer,0.5753,0.2592,0.9377
R3959,Data Analyst,0.6005,0.3014,0.947
R3960,Software Engineer,0.4725,0.1031,0.8719
R3961,Frontend Developer,0.5287,0.1861,0.9142
R3962,Frontend Developer,0.7569,0.4706,0.9889
R3963,Frontend Developer,0.2403,0.171,0.0619
R3964,ML Engineer,0.3832,0.2495,0.3255
R3965,Data Scientist,0.4278,0.1999,0.6179
R3966,Frontend Developer,0.3771,0.1462,0.4724
R3967,ML Engineer,0.4278,0.0834,0.7843
R3968,ML Engineer,0.4419,0.2341,0.6112
R3969,Backend Developer,0.3156,0.2134,0.1624
R3970,Data Scientist,0.5959,0.2676,0.9528
R3971,Frontend Developer,0.3871,0.2572,0.3342
R3972,Backend Developer,0.5824,0.2271,0.9534
R3973,Backend Developer,0.3518,0.116,0.4124
R3974,Frontend Developer,0.678,0.3769,0.9766
R3975,Data Scientist,0.5268,0.2203,0.8941
R3976,Backend Developer,0.5421,0.2263,0.9132
R3977,Data Scientist,0.4279,0.0836,0.7843
R3978,Software Engineer,0.7025,0.374,0.9845
R3979,Backend Developer,0.5078,0.1902,0.8804
R3980,Frontend Developer,0.5591,0.2106,0.9386
R3981,ML Engineer,0.6393,0.318,0.9687
R3982,Data Analyst,0.741,0.4895,0.984
R3983,Data Analyst,0.6259,0.3576,0.9515
R3984,Software Engineer,0.3932,0.2597,0.3495
R3985,Backend Developer,0.5658,0.2308,0.9383
R3986,ML Engineer,0.4982,0.4001,0.5795
R3987,Backend Developer,0.5071,0.2069,0.8682
R3988,Data Analyst,0.5377,0.213,0.9135
R3989,Data Analyst,0.4947,0.1508,0.8817
R3990,Backend Developer,0.5044,0.2882,0.7639
R3991,Software Engineer,0.544,0.2034,0.9255
R3992,Software Engineer,0.1816,0.0948,0.0374
R3993,Backend Developer,0.5436,0.2021,0.9255
R3994,Data Analyst,0.5212,0.2037,0.8946
R3995,Backend Developer,0.4853,0.1416,0.8705
R3996,ML Engineer,0.4263,0.079,0.7845
R3997,Frontend Developer,0.4601,0.397,0.4038
R3998,Frontend Developer,0.7995,0.5128,0.993
R3999,ML Engineer,0.4201,0.0603,0.7855
R4000,Backend Developer,0.5145,0.1836,0.8952
R4001,ML Engineer,0.4908,0.1723,0.8602
R4002,Data Analyst,0.5673,0.3069,0.9035
R4003,Backend Developer,0.383,0.1641,0.4709
R4004,Data Scientist,0.5107,0.1988,0.8801
R4005,Software Engineer,0.1698,0.0593,0.0378
R4006,Data Analyst,0.4233,0.0698,0.785
R4007,ML Engineer,0.5062,0.1587,0.896
R4008,Backend Developer,0.4298,0.0895,0.784
R4009,ML Engineer,0.3105,0.2148,0.1407
R4010,Software Engineer,0.542,0.1974,0.9256
R4011,Frontend Developer,0.4896,0.1544,0.8701
R4012,ML Engineer,0.4841,0.3272,0.6474
R4013,Data Scientist,0.4958,0.154,0.8816
R4014,Data Scientist,0.5315,0.2346,0.8937
R4015,Frontend Developer,0.3435,0.2604,0.1782
R4016,ML Engineer,0.3211,0.0633,0.3735
R4017,Backend Developer,0.5589,0.2768,0.9119
R4018,ML Engineer,0.4724,0.1172,0.8623
R4019,Data Scientist,0.4433,0.1299,0.7818
R4020,Data Scientist,0.5288,0.2263,0.894
R4021,Backend Developer,0.5145,0.1834,0.8953
R4022,ML Engineer,0.625,0.275,0.9691
R4023,Data Scientist,0.5713,0.2473,0.938
R4024,Backend Developer,0.4896,0.1354,0.8822
R4025,Backend Developer,0.5118,0.2021,0.88
R4026,Data Scientist,0.7172,0.4183,0.9843
R4027,ML Engineer,0.5027,0.1747,0.8809
R4028,Software Engineer,0.5579,0.3237,0.872
R4029,Data Analyst,0.525,0.2149,0.8943
R4030,Data Scientist,0.3754,0.168,0.4341
R4031,Data Scientist,0.4321,0.1863,0.6531
R4032,Data Analyst,0.7118,0.4019,0.9844
R4033,Backend Developer,0.513,0.1789,0.8954
R4034,ML Engineer,0.2905,0.1929,0.1178
R4035,Software Engineer,0.4321,0.0962,0.7836
R4036,Software Engineer,0.5541,0.2339,0.9248
R4037,Software Engineer,0.3008,0.0773,0.2738
R4038,Data Analyst,0.3009,0.2241,0.1167
R4039,Backend Developer,0.545,0.2349,0.913
R4040,Data Analyst,0.6549,0.3647,0.9683
R4041,Backend Developer,0.7063,0.3855,0.9845
R4042,Software Engineer,0.542,0.1974,0.9256
R4043,Frontend Developer,0.561,0.2831,0.9118
R4044,ML Engineer,0.5582,0.246,0.9245
R4045,Backend Developer,0.4341,0.3022,0.4649
R4046,Data Scientist,0.2246,0.1237,0.0627
R4047,Software Engineer,0.5036,0.1509,0.8962
R4048,Software Engineer,0.6142,0.2997,0.9578
R4049,Backend Developer,0.4268,0.2267,0.5606
R4050,Backend Developer,0.6279,0.2838,0.969
R4051,Data Analyst,0.5008,0.1881,0.8689
R4052,Frontend Developer,0.5732,0.253,0.9379
R4053,Data Scientist,0.5524,0.2288,0.9249
R4054,Data Scientist,0.5119,0.1758,0.8955
R4055,Data Analyst,0.3959,0.3949,0.1908
R4056,Data Analyst,0.5786,0.2693,0.9376
R4057,Data Analyst,0.5414,0.2242,0.9133
R4058,Backend Developer,0.6107,0.4357,0.8886
R4059,Frontend Developer,0.6575,0.3726,0.9682
R4060,Data Analyst,0.343,0.2291,0.2182
R4061,ML Engineer,0.488,0.1496,0.8703
R4062,Backend Developer,0.5426,0.1994,0.9256
R4063,Frontend Developer,0.6856,0.3997,0.9764
R4064,Backend Developer,0.4697,0.2007,0.7749
R4065,Software Engineer,0.6013,0.3038,0.947
R4066,Data Scientist,0.221,0.0878,0.0765
R4067,Software Engineer,0.6314,0.2942,0.9689
R4068,Software Engineer,0.5675,0.2739,0.9239
R4069,Frontend Developer,0.416,0.0481,0.7862
R4070,Software Engineer,0.7534,0.4601,0.989
R4071,Software Engineer,0.6625,0.3874,0.968
R4072,Frontend Developer,0.6414,0.3243,0.9686
R4073,Frontend Developer,0.2068,0.0453,0.0775
R4074,Frontend Developer,0.5367,0.21,0.9136
R4075,Backend Developer,0.6307,0.292,0.969
R4076,Data Scientist,0.649,0.392,0.9567
R4077,ML Engineer,0.3914,0.0994,0.6294
R4078,Software Engineer,0.3869,0.0859,0.6304
R4079,Frontend Developer,0.4079,0.1987,0.5235
R4080,Data Scientist,0.6643,0.393,0.968
R4081,ML Engineer,0.5622,0.22,0.9385
R4082,Frontend Developer,0.691,0.3729,0.9815
R4083,Software Engineer,0.275,0.15,0.1239
R4084,Data Scientist,0.7115,0.4013,0.9844
R4085,Frontend Developer,0.3746,0.1655,0.4343
R4086,Data Analyst,0.4074,0.2557,0.4229
R4087,Data Analyst,0.7018,0.372,0.9845
R4088,Data Analyst,0.4568,0.3276,0.5222
R4089,Data Analyst,0.5707,0.2836,0.9237
R4090,ML Engineer,0.1674,0.0522,0.0379
R4091,Backend Developer,0.5408,0.2223,0.9133
R4092,Frontend Developer,0.5695,0.2417,0.9381
R4093,Backend Developer,0.6323,0.297,0.9689
R4094,Frontend Developer,0.5915,0.2745,0.9475
R4095,Frontend Developer,0.5811,0.2432,0.948
R4096,Frontend Developer,0.4971,0.1581,0.8814
R4097,Data Scientist,0.5106,0.1719,0.8956
R4098,ML Engineer,0.6702,0.3306,0.9796
R4099,Frontend Developer,0.6394,0.3183,0.9687
R4100,Frontend Developer,0.5193,0.2455,0.8541
R4101,Data Analyst,0.4994,0.184,0.869
R4102,Backend Developer,0.6433,0.3298,0.9686
R4103,Backend Developer,0.4826,0.1334,0.8708
R4104,Data Analyst,0.4173,0.0518,0.786
R4105,ML Engineer,0.3028,0.1916,0.1416
R4106,Data Scientist,0.4115,0.1512,0.6216
R4107,Backend Developer,0.5465,0.2109,0.9253
R4108,ML Engineer,0.3314,0.0942,0.3712
R4109,Software Engineer,0.4348,0.1043,0.7832
R4110,Frontend Developer,0.4707,0.267,0.6764
R4111,Frontend Developer,0.5582,0.2081,0.9387
R4112,Data Analyst,0.6479,0.3437,0.9685
R4113,Frontend Developer,0.3559,0.2747,0.1968
R4114,Data Analyst,0.5387,0.216,0.9135
R4115,Software Engineer,0.4366,0.1099,0.7829
R4116,Frontend Developer,0.5257,0.177,0.9145
R4117,Frontend Developer,0.5026,0.1935,0.8687
R4118,Frontend Developer,0.6323,0.2968,0.9689
R4119,Data Analyst,0.6496,0.3489,0.9684
R4120,Data Scientist,0.6648,0.4395,0.9561
R4121,ML Engineer,0.5378,0.2134,0.9135
R4122,Data Analyst,0.4983,0.1615,0.8813
R4123,Software Engineer,0.4283,0.1933,0.6143
R4124,Software Engineer,0.2252,0.0757,0.0882
R4125,Software Engineer,0.4306,0.0919,0.7838
R4126,Software Engineer,0.6515,0.3545,0.9684
R4127,ML Engineer,0.6105,0.2887,0.9579
R4128,Data Analyst,0.5557,0.2671,0.9122
R4129,Frontend Developer,0.2632,0.1797,0.084
R4130,ML Engineer,0.4899,0.1553,0.87
R4131,Data Analyst,0.6391,0.3173,0.9687
R4132,ML Engineer,0.2533,0.0599,0.1511
R4133,Backend Developer,0.527,0.181,0.9144
R4134,Frontend Developer,0.7149,0.4113,0.9844
R4135,ML Engineer,0.715,0.4115,0.9844
R4136,Data Analyst,0.5674,0.2357,0.9382
R4137,Software Engineer,0.4191,0.0572,0.7857
R4138,Data Scientist,0.4227,0.0682,0.7851
R4139,Data Analyst,0.365,0.1851,0.3597
R4140,Software Engineer,0.5865,0.2396,0.9532
R4141,ML Engineer,0.4188,0.0565,0.7857
R4142,ML Engineer,0.4226,0.0679,0.7851
R4143,Software Engineer,0.7213,0.4305,0.9843
R4144,Backend Developer,0.5066,0.1598,0.896
R4145,Frontend Developer,0.5097,0.1957,0.8802
R4146,Backend Developer,0.5748,0.2579,0.9378
R4147,Frontend Developer,0.4754,0.3012,0.6492
R4148,ML Engineer,0.4903,0.1375,0.8821
R4149,Data Scientist,0.5591,0.2107,0.9386
R4150,ML Engineer,0.1693,0.058,0.0378
R4151,Frontend Developer,0.1839,0.1018,0.0373
R4152,Backend Developer,0.3236,0.1457,0.2695
R4153,ML Engineer,0.5369,0.2106,0.9136
R4154,Data Scientist,0.3193,0.2413,0.1397
R4155,Data Analyst,0.3864,0.1259,0.5503
R4156,Data Scientist,0.6323,0.297,0.9689
R4157,Data Scientist,0.5846,0.287,0.9372
R4158,ML Engineer,0.4195,0.0584,0.7856
R4159,ML Engineer,0.5089,0.1666,0.8958
R4160,Data Analyst,0.5892,0.2475,0.9531
R4161,Data Scientist,0.6151,0.3252,0.952
R4162,Data Scientist,0.6229,0.3257,0.9574
R4163,ML Engineer,0.421,0.0631,0.7854
R4164,Data Scientist,0.5644,0.2267,0.9384
R4165,Data Scientist,0.2623,0.2035,0.0728
R4166,Backend Developer,0.4402,0.1707,0.7025
R4167,ML Engineer,0.167,0.0511,0.0379
R4168,Backend Developer,0.578,0.2672,0.9376
R4169,Data Analyst,0.6062,0.2758,0.9581
R4170,Backend Developer,0.5077,0.1899,0.8804
R4171,Software Engineer,0.6439,0.3316,0.9686
R4172,Frontend Developer,0.473,0.2512,0.7046
R4173,Backend Developer,0.5835,0.2838,0.9373
R4174,Backend Developer,0.5269,0.2207,0.8941
R4175,ML Engineer,0.4873,0.242,0.7683
R4176,ML Engineer,0.2875,0.2126,0.1017
R4177,ML Engineer,0.1866,0.1098,0.0372
R4178,Software Engineer,0.6029,0.2888,0.9525
R4179,ML Engineer,0.3702,0.0607,0.5965
R4180,Frontend Developer,0.4206,0.0619,0.7854
R4181,Data Analyst,0.3622,0.2938,0.1959
R4182,Frontend Developer,0.5385,0.2154,0.9135
R4183,Data Analyst,0.5286,0.2259,0.894
R4184,Frontend Developer,0.3024,0.1907,0.1416
R4185,Frontend Developer,0.5311,0.2518,0.8764
R4186,Frontend Developer,0.4798,0.1395,0.8614
R4187,Software Engineer,0.3953,0.161,0.5265
R4188,Software Engineer,0.5667,0.2335,0.9382
R4189,Software Engineer,0.6128,0.2955,0.9578
R4190,ML Engineer,0.4167,0.1376,0.6668
R4191,ML Engineer,0.2351,0.1409,0.0672
R4192,Data Analyst,0.6308,0.2923,0.969
R4193,ML Engineer,0.5543,0.1962,0.9389
R4194,Backend Developer,0.6753,0.346,0.9795
R4195,Frontend Developer,0.7184,0.4219,0.9843
R4196,Backend Developer,0.5679,0.3453,0.8693
R4197,Data Analyst,0.6282,0.2845,0.969
R4198,ML Engineer,0.5246,0.2137,0.8943
R4199,Software Engineer,0.5481,0.2443,0.9128
R4200,Data Scientist,0.5629,0.2222,0.9384
R4201,ML Engineer,0.6193,0.3149,0.9576
R4202,Data Analyst,0.6025,0.3076,0.9469
R4203,Backend Developer,0.5446,0.2339,0.913
R4204,ML Engineer,0.4305,0.0915,0.7839
R4205,Data Analyst,0.3541,0.2289,0.261
R4206,ML Engineer,0.4258,0.0774,0.7846
R4207,Data Scientist,0.5235,0.2104,0.8944
R4208,Data Scientist,0.5041,0.1979,0.8685
R4209,Backend Developer,0.2531,0.0593,0.1511
R4210,Backend Developer,0.3505,0.1416,0.3629
R4211,Software Engineer,0.7041,0.3788,0.9845
R4212,Data Scientist,0.2832,0.1997,0.1021
R4213,ML Engineer,0.2611,0.0832,0.1502
R4214,Backend Developer,0.6448,0.3343,0.9685
R4215,ML Engineer,0.4202,0.2856,0.4165
R4216,Frontend Developer,0.426,0.132,0.7069
R4217,Frontend Developer,0.3497,0.2115,0.2604
R4218,Data Scientist,0.4305,0.0916,0.7838
R4219,Data Analyst,0.5809,0.2759,0.9374
R4220,Data Scientist,0.3463,0.0888,0.4445
R4221,Backend Developer,0.5619,0.2192,0.9385
R4222,Software Engineer,0.5743,0.223,0.9483
R4223,Software Engineer,0.6015,0.2615,0.9583
R4224,ML Engineer,0.3266,0.2632,0.1388
R4225,Frontend Developer,0.5258,0.1773,0.9144
R4226,Data Analyst,0.6596,0.3789,0.9681
R4227,Frontend Developer,0.2618,0.1754,0.0841
R4228,Frontend Developer,0.5509,0.2241,0.925
R4229,Software Engineer,0.5577,0.3682,0.8309
R4230,Data Scientist,0.5167,0.1902,0.895
R4231,Data Scientist,0.5704,0.2446,0.938
R4232,ML Engineer,0.52,0.2435,0.8594
R4233,Data Analyst,0.7069,0.3873,0.9845
R4234,ML Engineer,0.4011,0.3534,0.247
R4235,Data Scientist,0.6373,0.3661,0.9536
R4236,Data Analyst,0.5138,0.1813,0.8953
R4237,ML Engineer,0.6441,0.3323,0.9686
R4238,Software Engineer,0.4343,0.2113,0.6129
R4239,Frontend Developer,0.4368,0.1605,0.7032
R4240,Data Analyst,0.5272,0.1816,0.9143
R4241,Backend Developer,0.5823,0.2801,0.9374
R4242,Frontend Developer,0.4809,0.1284,0.871
R4243,ML Engineer,0.548,0.2155,0.9252
R4244,Backend Developer,0.5407,0.222,0.9133
R4245,ML Engineer,0.4156,0.0467,0.7863
R4246,Data Analyst,0.4896,0.1354,0.8822
R4247,Backend Developer,0.4274,0.0821,0.7844
R4248,Data Analyst,0.6356,0.3069,0.9688
R4249,Backend Developer,0.3409,0.1941,0.2485
R4250,ML Engineer,0.6443,0.333,0.9686
R4251,Data Analyst,0.5779,0.2672,0.9376
R4252,Frontend Developer,0.5629,0.2221,0.9384
R4253,Data Analyst,0.5942,0.2825,0.9473
R4254,ML Engineer,0.2863,0.209,0.1018
R4255,Frontend Developer,0.2201,0.0604,0.0886
R4256,ML Engineer,0.5994,0.2783,0.9527
R4257,Backend Developer,0.4939,0.1673,0.8696
R4258,ML Engineer,0.5162,0.1885,0.8951
R4259,Backend Developer,0.5407,0.1935,0.9257
R4260,ML Engineer,0.409,0.227,0.4708
R4261,Frontend Developer,0.5494,0.2197,0.9251
R4262,ML Engineer,0.5642,0.2259,0.9384
R4263,Data Scientist,0.6262,0.3357,0.9573
R4264,Software Engineer,0.4305,0.0916,0.7838
R4265,Data Scientist,0.5506,0.2517,0.9126
R4266,Data Scientist,0.305,0.2649,0.1002
R4267,Software Engineer,0.5879,0.2636,0.9476
R4268,ML Engineer,0.6227,0.2682,0.9692
R4269,ML Engineer,0.6034,0.2902,0.9525
R4270,ML Engineer,0.4921,0.143,0.8819
R4271,Data Analyst,0.3874,0.1122,0.5925
R4272,ML Engineer,0.6804,0.384,0.9765
R4273,Data Scientist,0.5989,0.2768,0.9527
R4274,Data Scientist,0.6792,0.3806,0.9765
R4275,Backend Developer,0.5035,0.1505,0.8962
R4276,Data Analyst,0.5366,0.2099,0.9136
R4277,Backend Developer,0.5144,0.3631,0.6979
R4278,ML Engineer,0.6321,0.2963,0.9689
R4279,Frontend Developer,0.5094,0.2491,0.8294
R4280,Software Engineer,0.4238,0.0715,0.7849
R4281,Backend Developer,0.6171,0.3084,0.9577
R4282,Data Analyst,0.368,0.311,0.195
R4283,Data Scientist,0.492,0.1617,0.8698
R4284,Backend Developer,0.6781,0.3544,0.9795
R4285,ML Engineer,0.5951,0.2652,0.9528
R4286,Frontend Developer,0.6299,0.2898,0.969
R4287,Data Scientist,0.5059,0.1578,0.896
R4288,ML Engineer,0.5097,0.3958,0.6266
R4289,Backend Developer,0.5891,0.3007,0.937
R4290,Software Engineer,0.4731,0.2907,0.663
R4291,Data Scientist,0.1786,0.0858,0.0375
R4292,ML Engineer,0.58,0.2201,0.9535
R4293,Data Scientist,0.5031,0.2842,0.7641
R4294,Data Scientist,0.353,0.1088,0.443
R4295,Frontend Developer,0.3915,0.1602,0.5213
R4296,Frontend Developer,0.4362,0.1443,0.7306
R4297,Software Engineer,0.3186,0.0559,0.3741
R4298,ML Engineer,0.5522,0.1898,0.939
R4299,Data Analyst,0.4098,0.2918,0.3739
R4300,Data Scientist,0.5399,0.2198,0.9134
R4301,Software Engineer,0.5207,0.1622,0.9148
R4302,Software Engineer,0.5813,0.3315,0.9084
R4303,Frontend Developer,0.5077,0.4732,0.4888
R4304,Frontend Developer,0.4809,0.1283,0.871
R4305,Data Analyst,0.4358,0.1073,0.783
R4306,Data Scientist,0.4424,0.1273,0.7819
R4307,Frontend Developer,0.5693,0.2413,0.9381
R4308,Data Scientist,0.5189,0.1568,0.915
R4309,Backend Developer,0.557,0.2044,0.9388
R4310,Software Engineer,0.5827,0.2282,0.9534
R4311,Data Analyst,0.6879,0.3836,0.9793
R4312,Data Analyst,0.7148,0.4644,0.9787
R4313,Software Engineer,0.427,0.3509,0.3383
R4314,Data Scientist,0.6031,0.2894,0.9525
R4315,Frontend Developer,0.561,0.2162,0.9385
R4316,Software Engineer,0.5678,0.2369,0.9382
R4317,Data Analyst,0.3158,0.2306,0.1401
R4318,ML Engineer,0.4092,0.2902,0.3741
R4319,Software Engineer,0.4932,0.1653,0.8697
R4320,Backend Developer,0.3774,0.2322,0.3379
R4321,Frontend Developer,0.5629,0.2221,0.9384
R4322,ML Engineer,0.5528,0.3085,0.8725
R4323,Data Analyst,0.6063,0.276,0.9581
R4324,Frontend Developer,0.5716,0.248,0.938
R4325,Data Analyst,0.6093,0.308,0.9522
R4326,Frontend Developer,0.5547,0.1975,0.9389
R4327,Software Engineer,0.4761,0.1284,0.8618
R4328,Data Scientist,0.4183,0.1715,0.6201
R4329,Frontend Developer,0.4242,0.0727,0.7849
R4330,Data Analyst,0.4289,0.0866,0.7841
R4331,Frontend Developer,0.5261,0.1782,0.9144
R4332,Software Engineer,0.5986,0.2528,0.9584
R4333,ML Engineer,0.307,0.2044,0.1411
R4334,Software Engineer,0.405,0.2972,0.3413
R4335,ML Engineer,0.3716,0.1565,0.435
R4336,Software Engineer,0.2477,0.1787,0.0665
R4337,Backend Developer,0.5074,0.1623,0.8959
R4338,Software Engineer,0.6114,0.3593,0.9348
R4339,Software Engineer,0.3876,0.3129,0.2494
R4340,Backend Developer,0.4188,0.0563,0.7857
R4341,ML Engineer,0.6235,0.3277,0.9574
R4342,Frontend Developer,0.7185,0.4554,0.981
R4343,Frontend Developer,0.2758,0.1775,0.1028
R4344,Backend Developer,0.471,0.2345,0.7305
R4345,Frontend Developer,0.4313,0.0939,0.7837
R4346,ML Engineer,0.4247,0.0742,0.7848
R4347,Frontend Developer,0.2257,0.1128,0.0678
R4348,Software Engineer,0.4283,0.0848,0.7842
R4349,ML Engineer,0.4174,0.0522,0.786
R4350,Data Scientist,0.4189,0.0566,0.7857
R4351,Backend Developer,0.5539,0.3785,0.807
R4352,Data Scientist,0.4101,0.2636,0.4223
R4353,Backend Developer,0.5667,0.2335,0.9382
R4354,ML Engineer,0.4177,0.053,0.7859
R4355,Frontend Developer,0.5957,0.3206,0.9366
R4356,Data Scientist,0.405,0.1982,0.5025
R4357,Backend Developer,0.5726,0.2513,0.9379
R4358,Data Scientist,0.2552,0.1555,0.0846
R4359,Frontend Developer,0.5399,0.2198,0.9134
R4360,Data Scientist,0.4307,0.092,0.7838
R4361,Backend Developer,0.2484,0.1618,0.0737
R4362,Software Engineer,0.6316,0.3519,0.9571
R4363,Software Engineer,0.4212,0.0635,0.7854
R4364,Backend Developer,0.4905,0.1381,0.8821
R4365,Data Analyst,0.6268,0.3375,0.9573
R4366,ML Engineer,0.2433,0.0924,0.1077
R4367,ML Engineer,0.4317,0.3375,0.3967
R4368,ML Engineer,0.4305,0.3843,0.3083
R4369,Data Scientist,0.4049,0.2967,0.3414
R4370,ML Engineer,0.4766,0.1298,0.8618
R4371,Software Engineer,0.7156,0.4135,0.9843
R4372,ML Engineer,0.4374,0.1123,0.7827
R4373,Backend Developer,0.4005,0.3014,0.3219
R4374,Software Engineer,0.41,0.1658,0.5954
R4375,Data Analyst,0.6693,0.4079,0.9678
R4376,Frontend Developer,0.5079,0.1637,0.8958
R4377,Data Analyst,0.611,0.333,0.9465
R4378,Backend Developer,0.386,0.1913,0.4279
R4379,ML Engineer,0.5551,0.2367,0.9247
R4380,ML Engineer,0.4063,0.194,0.5239
R4381,Data Scientist,0.422,0.0661,0.7852
R4382,Frontend Developer,0.4201,0.0602,0.7855
R4383,Data Analyst,0.4162,0.2321,0.4998
R4384,Software Engineer,0.4196,0.0589,0.7856
R4385,Frontend Developer,0.4999,0.1398,0.8965
R4386,Software Engineer,0.6721,0.3592,0.9767
R4387,ML Engineer,0.6032,0.2667,0.9582
R4388,Backend Developer,0.4977,0.1599,0.8814
R4389,Backend Developer,0.5886,0.2458,0.9531
R4390,Data Scientist,0.4942,0.2659,0.7682
R4391,ML Engineer,0.5575,0.2058,0.9387
R4392,Data Analyst,0.3215,0.2477,0.1394
R4393,Backend Developer,0.5,0.1401,0.8965
R4394,ML Engineer,0.4219,0.0656,0.7852
R4395,ML Engineer,0.6315,0.2944,0.9689
R4396,ML Engineer,0.5473,0.2135,0.9252
R4397,Backend Developer,0.5544,0.3811,0.8117
R4398,Backend Developer,0.5369,0.2108,0.9136
R4399,Frontend Developer,0.4014,0.3543,0.2469
R4400,ML Engineer,0.4238,0.2178,0.5613
R4401,ML Engineer,0.3952,0.2282,0.4051
R4402,Software Engineer,0.6076,0.3029,0.9523
R4403,Data Scientist,0.4406,0.1219,0.7822
R4404,ML Engineer,0.3878,0.3135,0.2493
R4405,Data Analyst,0.3915,0.3246,0.2487
R4406,Backend Developer,0.3578,0.2316,0.2575
R4407,Software Engineer,0.5176,0.1928,0.895
R4408,Data Scientist,0.3346,0.2873,0.1379
R4409,Data Scientist,0.6122,0.2938,0.9579
R4410,Data Analyst,0.6011,0.3033,0.947
R4411,Backend Developer,0.4887,0.1329,0.8823
R4412,Data Scientist,0.5701,0.2978,0.9093
R4413,Data Scientist,0.4798,0.1894,0.8112
R4414,Backend Developer,0.4303,0.091,0.7839
R4415,Software Engineer,0.4143,0.1828,0.5821
R4416,Frontend Developer,0.4995,0.165,0.8812
R4417,ML Engineer,0.4348,0.1043,0.7832
R4418,Software Engineer,0.6548,0.3643,0.9683
R4419,Data Analyst,0.5686,0.2391,0.9381
R4420,Data Analyst,0.676,0.348,0.9795
R4421,Backend Developer,0.5007,0.1687,0.8811
R4422,Data Analyst,0.5419,0.3256,0.8342
R4423,Data Scientist,0.5741,0.2557,0.9378
R4424,Data Scientist,0.7411,0.4232,0.9891
R4425,Data Analyst,0.5834,0.2835,0.9373
R4426,ML Engineer,0.7077,0.3899,0.9845
R4427,Data Scientist,0.4951,0.1519,0.8816
R4428,Data Analyst,0.6089,0.3266,0.9466
R4429,Data Analyst,0.4417,0.1252,0.782
R4430,Frontend Developer,0.4309,0.2011,0.6137
R4431,Data Analyst,0.6527,0.358,0.9683
R4432,Backend Developer,0.5279,0.3504,0.7571
R4433,ML Engineer,0.6373,0.312,0.9688
R4434,Software Engineer,0.3359,0.2576,0.1627
R4435,Backend Developer,0.5449,0.3023,0.8653
R4436,Data Analyst,0.1775,0.0825,0.0375
R4437,Software Engineer,0.5109,0.1726,0.8956
R4438,Frontend Developer,0.4916,0.1962,0.834
R4439,ML Engineer,0.3699,0.3168,0.1947
R4440,Backend Developer,0.2458,0.154,0.0739
R4441,Data Analyst,0.4118,0.2689,0.4219
R4442,Frontend Developer,0.2666,0.0497,0.1946
R4443,Backend Developer,0.5926,0.3111,0.9368
R4444,Data Analyst,0.5802,0.2739,0.9375
R4445,Backend Developer,0.5259,0.1776,0.9144
R4446,ML Engineer,0.183,0.099,0.0373
R4447,Backend Developer,0.4458,0.1375,0.7814
R4448,Data Analyst,0.4366,0.1099,0.7829
R4449,Backend Developer,0.682,0.389,0.9765
R4450,Frontend Developer,0.397,0.2709,0.3487
R4451,Data Scientist,0.51,0.2134,0.8605
R4452,Data Analyst,0.5698,0.2427,0.9381
R4453,Data Analyst,0.6323,0.2968,0.9689
R4454,Frontend Developer,0.256,0.1581,0.0845
R4455,ML Engineer,0.5015,0.2252,0.8305
R4456,Data Scientist,0.6449,0.3346,0.9685
R4457,Frontend Developer,0.5994,0.2553,0.9584
R4458,Data Analyst,0.4277,0.083,0.7843
R4459,Backend Developer,0.487,0.161,0.8606
R4460,Data Analyst,0.5415,0.2246,0.9133
R4461,Data Scientist,0.4378,0.1135,0.7827
R4462,Data Scientist,0.5609,0.2161,0.9385
R4463,Software Engineer,0.4776,0.1328,0.8617
R4464,Data Scientist,0.4419,0.1258,0.782
R4465,Data Scientist,0.4252,0.0757,0.7847
R4466,Software Engineer,0.6118,0.4282,0.9004
R4467,Data Analyst,0.6747,0.4491,0.9604
R4468,ML Engineer,0.5409,0.2228,0.9133
R4469,Data Analyst,0.3153,0.2673,0.1153
R4470,Frontend Developer,0.4105,0.1715,0.583
R4471,Software Engineer,0.5057,0.1836,0.8806
R4472,Backend Developer,0.5437,0.2026,0.9255
R4473,ML Engineer,0.6372,0.3116,0.9688
R4474,Software Engineer,0.4265,0.0796,0.7845
R4475,Software Engineer,0.48,0.1401,0.8614
R4476,Software Engineer,0.3636,0.0782,0.5395
R4477,Data Scientist,0.7053,0.3826,0.9845
R4478,Data Scientist,0.6523,0.357,0.9683
R4479,ML Engineer,0.6486,0.3458,0.9684
R4480,Backend Developer,0.4801,0.126,0.8711
R4481,Data Scientist,0.5036,0.1775,0.8808
R4482,Data Scientist,0.4319,0.0956,0.7836
R4483,Frontend Developer,0.4021,0.3562,0.2468
R4484,Data Scientist,0.5037,0.1777,0.8808
R4485,Data Analyst,0.3117,0.1102,0.2718
R4486,Data Analyst,0.5487,0.3411,0.8321
R4487,Frontend Developer,0.5654,0.2296,0.9383
R4488,ML Engineer,0.4902,0.1563,0.87
R4489,ML Engineer,0.5981,0.2942,0.9471
R4490,Software Engineer,0.52,0.1599,0.9149
R4491,Backend Developer,0.6471,0.3413,0.9685
R4492,ML Engineer,0.4996,0.1653,0.8812
R4493,Frontend Developer,0.6296,0.2889,0.969
R4494,Data Analyst,0.4833,0.15,0.861
R4495,Frontend Developer,0.5139,0.1416,0.9153
R4496,Software Engineer,0.5918,0.2754,0.9474
R4497,Frontend Developer,0.5828,0.3902,0.8677
R4498,Data Scientist,0.5855,0.2364,0.9533
R4499,Backend Developer,0.5462,0.3385,0.8336
R4500,Frontend Developer,0.5409,0.2226,0.9133
R4501,Data Scientist,0.2577,0.1896,0.0731
R4502,Software Engineer,0.5402,0.2207,0.9134
R4503,ML Engineer,0.5637,0.2627,0.9242
R4504,Frontend Developer,0.5925,0.2574,0.953
R4505,Data Analyst,0.5461,0.2097,0.9253
R4506,Frontend Developer,0.4243,0.0728,0.7849
R4507,ML Engineer,0.4959,0.1542,0.8816
R4508,Data Scientist,0.3078,0.2068,0.141
R4509,ML Engineer,0.3052,0.2371,0.1163
R4510,Data Scientist,0.2347,0.1291,0.0756
R4511,Backend Developer,0.8431,0.5292,0.9962
R4512,Data Analyst,0.2359,0.1433,0.0672
R4513,Data Analyst,0.4973,0.3919,0.595
R4514,Data Analyst,0.5767,0.3121,0.9139
R4515,Data Analyst,0.3961,0.3383,0.2479
R4516,Frontend Developer,0.7416,0.4247,0.9891
R4517,Data Analyst,0.2834,0.2001,0.1021
R4518,Data Analyst,0.8471,0.5414,0.9962
R4519,Data Scientist,0.2541,0.1522,0.0847
R4520,Frontend Developer,0.4755,0.1766,0.8119
R4521,Data Scientist,0.3118,0.1355,0.2322
R4522,Data Scientist,0.5989,0.5467,0.7388
R4523,ML Engineer,0.6588,0.3765,0.9681
R4524,Frontend Developer,0.5554,0.1997,0.9388
R4525,Software Engineer,0.4474,0.4121,0.334
R4526,Frontend Developer,0.4188,0.0563,0.7857
R4527,Data Scientist,0.4364,0.2175,0.6124
R4528,Frontend Developer,0.4274,0.3751,0.3089
R4529,Software Engineer,0.5593,0.2111,0.9386
R4530,ML Engineer,0.5609,0.2161,0.9385
R4531,ML Engineer,0.6085,0.2827,0.958
R4532,Data Analyst,0.5877,0.4633,0.8131
R4533,Data Analyst,0.2338,0.118,0.0747
R4534,Software Engineer,0.3496,0.207,0.259
R4535,Frontend Developer,0.6362,0.3086,0.9688
R4536,Software Engineer,0.5695,0.242,0.9381
R4537,Frontend Developer,0.5951,0.2654,0.9528
R4538,Backend Developer,0.4494,0.1981,0.7007
R4539,ML Engineer,0.5246,0.1737,0.9145
R4540,Backend Developer,0.3737,0.2211,0.3387
R4541,Backend Developer,0.3666,0.1604,0.409
R4542,Backend Developer,0.4926,0.2579,0.7674
R4543,Data Scientist,0.3126,0.1668,0.198
R4544,Frontend Developer,0.6648,0.3372,0.9769
R4545,ML Engineer,0.5393,0.2178,0.9134
R4546,Data Scientist,0.3453,0.2859,0.1615
R4547,Backend Developer,0.3374,0.198,0.243
R4548,Frontend Developer,0.4206,0.2815,0.4318
R4549,ML Engineer,0.3675,0.1925,0.3592
R4550,Software Engineer,0.4973,0.1584,0.8814
R4551,Backend Developer,0.5503,0.2224,0.925
R4552,Software Engineer,0.3659,0.0477,0.5975
R4553,Data Scientist,0.5496,0.2202,0.9251
R4554,Backend Developer,0.4082,0.2078,0.5018
R4555,Software Engineer,0.4137,0.041,0.7866
R4556,Data Analyst,0.7088,0.3929,0.9844
R4557,Software Engineer,0.497,0.1909,0.8594
R4558,Frontend Developer,0.4196,0.0588,0.7856
R4559,Frontend Developer,0.4274,0.0823,0.7843
R4560,Backend Developer,0.7061,0.4182,0.9812
R4561,ML Engineer,0.6413,0.3238,0.9686
R4562,Data Scientist,0.5584,0.3701,0.8308
R4563,Backend Developer,0.4863,0.209,0.8103
R4564,Frontend Developer,0.5089,0.1667,0.8957
R4565,Data Scientist,0.4409,0.1227,0.7822
R4566,Data Analyst,0.3836,0.1924,0.4322
R4567,Data Scientist,0.4283,0.0848,0.7842
R4568,ML Engineer,0.6139,0.2989,0.9578
R4569,Software Engineer,0.4284,0.1853,0.6346
R4570,Backend Developer,0.5879,0.2636,0.9476
R4571,Software Engineer,0.3502,0.1007,0.4436
R4572,Data Scientist,0.4327,0.098,0.7835
R4573,Backend Developer,0.5789,0.27,0.9375
R4574,Data Scientist,0.6541,0.3623,0.9683
R4575,ML Engineer,0.2175,0.0776,0.0768
R4576,Frontend Developer,0.4203,0.061,0.7855
R4577,Data Scientist,0.6073,0.302,0.9523
R4578,Data Scientist,0.538,0.1855,0.9259
R4579,Backend Developer,0.5938,0.2813,0.9474
R4580,ML Engineer,0.4293,0.088,0.784
R4581,Data Scientist,0.5746,0.2572,0.9378
R4582,Data Analyst,0.6217,0.3223,0.9575
R4583,Backend Developer,0.3832,0.1997,0.411
R4584,Software Engineer,0.6369,0.3108,0.9688
R4585,Data Scientist,0.433,0.099,0.7834
R4586,Software Engineer,0.4157,0.0472,0.7862
R4587,Data Analyst,0.5006,0.1419,0.8965
R4588,Data Scientist,0.5993,0.298,0.9471
R4589,Frontend Developer,0.3239,0.2549,0.1391
R4590,Data Analyst,0.5864,0.2927,0.9371
R4591,Backend Developer,0.5185,0.222,0.8793
R4592,Data Scientist,0.5068,0.2062,0.8682
R4593,Data Analyst,0.7064,0.386,0.9845
R4594,ML Engineer,0.6048,0.2715,0.9581
R4595,Backend Developer,0.7033,0.3767,0.9845
R4596,Frontend Developer,0.5602,0.2141,0.9386
R4597,Software Engineer,0.4355,0.1064,0.783
R4598,Backend Developer,0.5749,0.2579,0.9378
R4599,Frontend Developer,0.6034,0.2902,0.9525
R4600,Data Analyst,0.5451,0.2353,0.913
R4601,Software Engineer,0.7068,0.387,0.9845
R4602,ML Engineer,0.4218,0.0653,0.7853
R4603,ML Engineer,0.491,0.3229,0.6702
R4604,Frontend Developer,0.4824,0.1724,0.834
R4605,ML Engineer,0.5344,0.3781,0.7587
R4606,Data Analyst,0.5091,0.2129,0.868
R4607,ML Engineer,0.4891,0.3174,0.6706
R4608,Software Engineer,0.421,0.0629,0.7854
R4609,Data Scientist,0.6945,0.4036,0.9791
R4610,Data Scientist,0.393,0.2291,0.4088
R4611,Data Analyst,0.4403,0.121,0.7823
R4612,ML Engineer,0.5576,0.206,0.9387
R4613,Data Analyst,0.4976,0.1328,0.8968
R4614,Backend Developer,0.4216,0.2114,0.5618
R4615,Data Analyst,0.5781,0.2842,0.9266
R4616,Frontend Developer,0.5388,0.2163,0.9135
R4617,Data Analyst,0.5306,0.2317,0.8938
R4618,Data Scientist,0.7555,0.4664,0.9889
R4619,Data Analyst,0.6826,0.5477,0.9277
R4620,Frontend Developer,0.6496,0.3489,0.9684
R4621,Data Scientist,0.5841,0.2857,0.9373
R4622,Backend Developer,0.5061,0.4432,0.5416
R4623,ML Engineer,0.4229,0.0688,0.7851
R4624,ML Engineer,0.5312,0.2611,0.8668
R4625,ML Engineer,0.5501,0.2217,0.9251
R4626,Data Scientist,0.5259,0.2178,0.8942
R4627,Frontend Developer,0.4207,0.0622,0.7854
R4628,ML Engineer,0.3191,0.1972,0.1843
R4629,ML Engineer,0.3095,0.2117,0.1408
R4630,ML Engineer,0.2802,0.1907,0.1024
R4631,Data Analyst,0.4863,0.1445,0.8704
R4632,ML Engineer,0.3507,0.1686,0.3276
R4633,ML Engineer,0.1652,0.0455,0.0379
R4634,Frontend Developer,0.4159,0.0478,0.7862
R4635,Data Scientist,0.4846,0.1394,0.8706
R4636,Data Scientist,0.4696,0.2639,0.6766
R4637,Backend Developer,0.5813,0.2773,0.9374
R4638,ML Engineer,0.5405,0.2216,0.9133
R4639,ML Engineer,0.4939,0.1484,0.8817
R4640,Software Engineer,0.6923,0.3434,0.9847
R4641,Backend Developer,0.5046,0.1804,0.8807
R4642,Backend Developer,0.5506,0.2232,0.925
R4643,Data Analyst,0.3039,0.2618,0.1003
R4644,Frontend Developer,0.3788,0.1513,0.472
R4645,Frontend Developer,0.4806,0.1419,0.8613
R4646,Data Scientist,0.5021,0.1731,0.8809
R4647,Data Scientist,0.6352,0.3055,0.9688
R4648,ML Engineer,0.6984,0.3617,0.9846
R4649,Frontend Developer,0.5715,0.2478,0.938
R4650,Data Analyst,0.5685,0.2388,0.9381
R4651,ML Engineer,0.5383,0.4685,0.6352
R4652,ML Engineer,0.5602,0.2139,0.9386
R4653,Data Analyst,0.4991,0.1639,0.8812
R4654,Frontend Developer,0.6143,0.3,0.9578
R4655,Data Scientist,0.6123,0.3168,0.9521
R4656,Backend Developer,0.2567,0.07,0.1507
R4657,Software Engineer,0.3014,0.1959,0.1436
R4658,Data Scientist,0.6278,0.2835,0.969
R4659,Data Scientist,0.6392,0.3176,0.9687
R4660,Backend Developer,0.6445,0.3334,0.9686
R4661,Backend Developer,0.671,0.3331,0.9796
R4662,Software Engineer,0.526,0.2181,0.8942
R4663,ML Engineer,0.3089,0.2482,0.116
R4664,Software Engineer,0.3154,0.2296,0.1401
R4665,Software Engineer,0.6275,0.2824,0.969
R4666,Data Scientist,0.5314,0.1943,0.914
R4667,ML Engineer,0.5566,0.2032,0.9388
R4668,Data Analyst,0.3759,0.0776,0.5952
R4669,Frontend Developer,0.6969,0.3574,0.9846
R4670,Data Scientist,0.3311,0.0433,0.4481
R4671,Frontend Developer,0.3806,0.3489,0.1931
R4672,Data Scientist,0.4957,0.1537,0.8816
R4673,Data Scientist,0.6775,0.3525,0.9795
R4674,Data Scientist,0.4156,0.0467,0.7863
R4675,Frontend Developer,0.4224,0.0673,0.7852
R4676,Frontend Developer,0.6079,0.2807,0.958
R4677,Backend Developer,0.5003,0.1676,0.8811
R4678,Software Engineer,0.4402,0.3371,0.4084
R4679,Frontend Developer,0.6505,0.3514,0.9684
R4680,Software Engineer,0.5226,0.2077,0.8945
R4681,Frontend Developer,0.4333,0.1,0.7834
R4682,Frontend Developer,0.4258,0.0775,0.7846
R4683,ML Engineer,0.5429,0.2286,0.9132
R4684,Software Engineer,0.5917,0.275,0.9475
R4685,Frontend Developer,0.6691,0.3272,0.9796
R4686,Data Scientist,0.5976,0.2727,0.9527
R4687,Backend Developer,0.685,0.398,0.9764
R4688,Data Scientist,0.4965,0.1561,0.8815
R4689,Software Engineer,0.3438,0.1898,0.2601
R4690,Frontend Developer,0.4315,0.0944,0.7837
R4691,Data Analyst,0.4157,0.2139,0.5433
R4692,Frontend Developer,0.3029,0.1087,0.2337
R4693,Software Engineer,0.5605,0.2147,0.9386
R4694,Frontend Developer,0.5568,0.2039,0.9388
R4695,Software Engineer,0.2019,0.1557,0.0367
R4696,Software Engineer,0.6079,0.3038,0.9523
R4697,Software Engineer,0.2835,0.2004,0.1021
R4698,Frontend Developer,0.5519,0.2273,0.9249
R4699,Backend Developer,0.5269,0.1808,0.9144
R4700,Software Engineer,0.4162,0.0487,0.7862
R4701,Backend Developer,0.6421,0.3263,0.9686
R4702,Data Analyst,0.6512,0.3537,0.9684
R4703,Frontend Developer,0.2638,0.1815,0.0839
R4704,Backend Developer,0.5042,0.1792,0.8807
R4705,Backend Developer,0.5531,0.1925,0.939
R4706,Software Engineer,0.5127,0.1782,0.8954
R4707,Software Engineer,0.4286,0.2323,0.5602
R4708,ML Engineer,0.1758,0.0773,0.0376
R4709,Data Analyst,0.4048,0.2478,0.4235
R4710,Frontend Developer,0.4779,0.1337,0.8616
R4711,Software Engineer,0.5043,0.153,0.8962
R4712,Data Scientist,0.6309,0.2926,0.9689
R4713,Data Scientist,0.5837,0.2511,0.9478
R4714,ML Engineer,0.4929,0.1453,0.8818
R4715,Backend Developer,0.4446,0.2963,0.5093
R4716,Frontend Developer,0.4128,0.0384,0.7867
R4717,ML Engineer,0.7552,0.4657,0.9889
R4718,ML Engineer,0.403,0.2911,0.3418
R4719,Software Engineer,0.3789,0.2866,0.2509
R4720,Backend Developer,0.2928,0.0535,0.2753
R4721,ML Engineer,0.487,0.1278,0.8824
R4722,Data Scientist,0.5385,0.2154,0.9135
R4723,Data Scientist,0.5154,0.1862,0.8952
R4724,Data Analyst,0.2253,0.0758,0.0882
R4725,Frontend Developer,0.5058,0.3467,0.6814
R4726,Data Scientist,0.4343,0.3029,0.4648
R4727,Software Engineer,0.3203,0.061,0.3737
R4728,Data Analyst,0.5015,0.1901,0.8688
R4729,ML Engineer,0.561,0.2163,0.9385
R4730,ML Engineer,0.4973,0.2126,0.8311
R4731,Frontend Developer,0.5103,0.171,0.8956
R4732,Data Analyst,0.627,0.3381,0.9573
R4733,Frontend Developer,0.4754,0.1261,0.8619
R4734,Backend Developer,0.4136,0.3032,0.3731
R4735,Data Scientist,0.4985,0.2954,0.7448
R4736,ML Engineer,0.525,0.1751,0.9145
R4737,ML Engineer,0.3534,0.2565,0.2179
R4738,Frontend Developer,0.5914,0.2741,0.9475
R4739,Frontend Developer,0.4162,0.0485,0.7862
R4740,ML Engineer,0.4082,0.3067,0.3407
R4741,Data Analyst,0.5025,0.1741,0.8809
R4742,Backend Developer,0.4205,0.0616,0.7855
R4743,ML Engineer,0.311,0.2163,0.1406
R4744,Data Analyst,0.4787,0.1219,0.8712
R4745,Frontend Developer,0.5387,0.216,0.9135
R4746,Software Engineer,0.627,0.3382,0.9573
R4747,Frontend Developer,0.4192,0.0575,0.7857
R4748,Data Analyst,0.5689,0.2401,0.9381
R4749,Data Analyst,0.5387,0.216,0.9135
R4750,Data Analyst,0.4171,0.0512,0.786
R4751,Backend Developer,0.5523,0.1902,0.939
R4752,Frontend Developer,0.5421,0.2264,0.9132
R4753,Backend Developer,0.4296,0.0889,0.784
R4754,Data Scientist,0.3062,0.2019,0.1412
R4755,Frontend Developer,0.5402,0.2207,0.9134
R4756,Data Analyst,0.4422,0.1267,0.7819
R4757,Frontend Developer,0.7539,0.4618,0.989
R4758,Software Engineer,0.463,0.4058,0.4031
R4759,Software Engineer,0.6284,0.2851,0.969
R4760,Data Analyst,0.5748,0.2577,0.9378
R4761,Frontend Developer,0.3212,0.1137,0.2919
R4762,Data Scientist,0.428,0.0841,0.7843
R4763,ML Engineer,0.568,0.2753,0.9239
R4764,Frontend Developer,0.4215,0.0646,0.7853
R4765,Software Engineer,0.4144,0.0431,0.7865
R4766,Backend Developer,0.5277,0.2414,0.8767
R4767,Software Engineer,0.4243,0.0728,0.7849
R4768,Software Engineer,0.3382,0.1645,0.2885
R4769,Data Scientist,0.3695,0.1836,0.3882
R4770,Software Engineer,0.5395,0.2185,0.9134
R4771,Data Scientist,0.5768,0.2639,0.9377
R4772,Software Engineer,0.546,0.2381,0.9129
R4773,Frontend Developer,0.4294,0.0882,0.784
R4774,Backend Developer,0.4965,0.1563,0.8815
R4775,Software Engineer,0.5335,0.2005,0.9139
R4776,Frontend Developer,0.4417,0.1749,0.7022
R4777,Data Scientist,0.5902,0.3582,0.9077
R4778,ML Engineer,0.3211,0.1882,0.1956
R4779,ML Engineer,0.4009,0.1383,0.5975
R4780,Frontend Developer,0.5581,0.3244,0.872
R4781,Backend Developer,0.3721,0.0662,0.5961
R4782,Data Scientist,0.5239,0.3468,0.7605
R4783,Software Engineer,0.5602,0.2139,0.9386
R4784,ML Engineer,0.3889,0.2168,0.4097
R4785,Software Engineer,0.3782,0.2845,0.2511
R4786,Backend Developer,0.2873,0.1725,0.1319
R4787,ML Engineer,0.2245,0.1234,0.0627
R4788,Data Scientist,0.6416,0.3248,0.9686
R4789,Frontend Developer,0.5871,0.2612,0.9477
R4790,Software Engineer,0.5418,0.3128,0.8515
R4791,ML Engineer,0.3958,0.2025,0.4679
R4792,Software Engineer,0.1663,0.049,0.0379
R4793,Backend Developer,0.585,0.2351,0.9533
R4794,Backend Developer,0.5426,0.2277,0.9132
R4795,Data Scientist,0.5591,0.2107,0.9386
R4796,Frontend Developer,0.5625,0.221,0.9385
R4797,Data Analyst,0.5008,0.188,0.8689
R4798,ML Engineer,0.5018,0.1912,0.8687
R4799,Data Analyst,0.5151,0.1854,0.8952
R4800,Backend Developer,0.4226,0.0678,0.7851
R4801,Data Scientist,0.5199,0.3348,0.7612
R4802,Backend Developer,0.564,0.2634,0.9241
R4803,Software Engineer,0.571,0.2465,0.938
R4804,Software Engineer,0.4283,0.085,0.7842
R4805,Frontend Developer,0.4398,0.1193,0.7823
R4806,Software Engineer,0.5461,0.2098,0.9253
R4807,Data Scientist,0.597,0.2709,0.9528
R4808,Backend Developer,0.4902,0.1373,0.8821
R4809,Data Analyst,0.1746,0.0737,0.0376
R4810,Backend Developer,0.2449,0.1704,0.0666
R4811,Data Scientist,0.4323,0.0968,0.7836
R4812,Backend Developer,0.4997,0.1656,0.8812
R4813,Data Analyst,0.5363,0.209,0.9137
R4814,Backend Developer,0.5242,0.1725,0.9146
R4815,Software Engineer,0.6116,0.2919,0.9579
R4816,Frontend Developer,0.4266,0.263,0.4974
R4817,Frontend Developer,0.6326,0.3549,0.9571
R4818,Frontend Developer,0.5581,0.2076,0.9387
R4819,Data Scientist,0.5846,0.2872,0.9372
R4820,Data Analyst,0.4823,0.1468,0.8611
R4821,Software Engineer,0.416,0.0481,0.7862
R4822,Backend Developer,0.5895,0.2685,0.9476
R4823,ML Engineer,0.4292,0.1877,0.6345
R4824,ML Engineer,0.554,0.1953,0.9389
R4825,Data Scientist,0.5096,0.3037,0.763
R4826,Backend Developer,0.5398,0.2193,0.9134
R4827,ML Engineer,0.4593,0.233,0.6788
R4828,Data Scientist,0.3123,0.2204,0.1405
R4829,Data Analyst,0.7536,0.4894,0.987
R4830,Backend Developer,0.6271,0.2812,0.9691
R4831,Data Scientist,0.5879,0.2436,0.9532
R4832,Data Analyst,0.3916,0.3249,0.2487
R4833,Software Engineer,0.5391,0.1886,0.9258
R4834,Data Scientist,0.4374,0.1122,0.7827
R4835,ML Engineer,0.6159,0.3278,0.9519
R4836,Data Scientist,0.6324,0.3543,0.9571
R4837,ML Engineer,0.1733,0.0698,0.0377
R4838,ML Engineer,0.5234,0.1701,0.9146
R4839,Software Engineer,0.5917,0.2552,0.953
R4840,Backend Developer,0.4245,0.0736,0.7848
R4841,Software Engineer,0.5581,0.2077,0.9387
R4842,Data Analyst,0.5463,0.239,0.9129
R4843,Data Analyst,0.3673,0.1918,0.3592
R4844,Software Engineer,0.4966,0.1754,0.8693
R4845,Backend Developer,0.4286,0.0859,0.7842
R4846,Software Engineer,0.5228,0.1683,0.9147
R4847,Data Scientist,0.5971,0.2914,0.9472
R4848,ML Engineer,0.5089,0.1666,0.8958
R4849,ML Engineer,0.593,0.259,0.9529
R4850,Software Engineer,0.7068,0.3871,0.9845
R4851,Data Analyst,0.4385,0.1154,0.7826
R4852,Data Analyst,0.4506,0.3684,0.406
R4853,Frontend Developer,0.6525,0.3576,0.9683
R4854,Data Analyst,0.5714,0.2476,0.938
R4855,ML Engineer,0.5167,0.15,0.9151
R4856,Software Engineer,0.4967,0.1567,0.8815
R4857,Frontend Developer,0.5371,0.2112,0.9136
R4858,ML Engineer,0.5223,0.1669,0.9147
R4859,ML Engineer,0.4827,0.148,0.8611
R4860,Backend Developer,0.1758,0.0774,0.0376
R4861,ML Engineer,0.4229,0.0686,0.7851
R4862,Frontend Developer,0.5329,0.1702,0.9262
R4863,Software Engineer,0.4842,0.2425,0.772
R4864,Frontend Developer,0.571,0.2129,0.9484
R4865,Backend Developer,0.679,0.3799,0.9766
R4866,Frontend Developer,0.5275,0.1825,0.9143
R4867,ML Engineer,0.6495,0.3484,0.9684
R4868,ML Engineer,0.6845,0.3536,0.9816
R4869,Frontend Developer,0.5685,0.2388,0.9381
R4870,Software Engineer,0.5365,0.2094,0.9136
R4871,ML Engineer,0.4241,0.0724,0.7849
R4872,Software Engineer,0.6598,0.3793,0.9681
R4873,Data Scientist,0.5681,0.2378,0.9381
R4874,Backend Developer,0.5107,0.2177,0.8678
R4875,Data Analyst,0.415,0.0451,0.7863
R4876,Data Scientist,0.3344,0.1031,0.3705
R4877,Data Scientist,0.5944,0.2831,0.9473
R4878,Software Engineer,0.5263,0.179,0.9144
R4879,Data Analyst,0.3424,0.2573,0.1784
R4880,Data Scientist,0.5487,0.2175,0.9252
R4881,Backend Developer,0.275,0.215,0.0831
R4882,Data Scientist,0.4334,0.1003,0.7834
R4883,Data Analyst,0.438,0.1141,0.7826
R4884,Software Engineer,0.5588,0.2765,0.9119
R4885,Frontend Developer,0.5785,0.2687,0.9376
R4886,Backend Developer,0.436,0.1081,0.783
R4887,Data Analyst,0.5735,0.2538,0.9378
R4888,Data Analyst,0.668,0.4206,0.962
R4889,ML Engineer,0.4162,0.0487,0.7862
R4890,Software Engineer,0.5617,0.2184,0.9385
R4891,Frontend Developer,0.3833,0.2,0.411
R4892,Software Engineer,0.4716,0.1149,0.8623
R4893,Backend Developer,0.5695,0.2417,0.9381
R4894,Data Scientist,0.4945,0.1692,0.8695
R4895,ML Engineer,0.6413,0.324,0.9686
R4896,ML Engineer,0.4561,0.1959,0.7325
R4897,ML Engineer,0.4175,0.0524,0.786
R4898,Software Engineer,0.5569,0.2041,0.9388
R4899,ML Engineer,0.3924,0.2105,0.4264
R4900,Software Engineer,0.5055,0.1565,0.8961
R4901,Data Scientist,0.5823,0.2802,0.9374
R4902,Backend Developer,0.5052,0.2155,0.8585
R4903,ML Engineer,0.54,0.1913,0.9257
R4904,ML Engineer,0.554,0.1952,0.9389
R4905,Data Scientist,0.1737,0.0711,0.0376
R4906,Software Engineer,0.6109,0.3328,0.9465
R4907,Data Scientist,0.4871,0.147,0.8703
R4908,Data Analyst,0.4242,0.0727,0.7849
R4909,Backend Developer,0.1876,0.1129,0.0372
R4910,Data Analyst,0.6388,0.3165,0.9687
R4911,Frontend Developer,0.4899,0.1698,0.8603
R4912,ML Engineer,0.5923,0.257,0.953
R4913,Data Scientist,0.5457,0.237,0.9129
R4914,Backend Developer,0.5126,0.2878,0.7984
R4915,Software Engineer,0.4267,0.08,0.7845
R4916,Software Engineer,0.1655,0.0465,0.0379
R4917,Software Engineer,0.5517,0.1886,0.939
R4918,Frontend Developer,0.5823,0.247,0.9479
R4919,Software Engineer,0.4806,0.1419,0.8613
R4920,Backend Developer,0.493,0.1647,0.8697
R4921,Backend Developer,0.5388,0.2163,0.9135
R4922,Data Analyst,0.6589,0.3766,0.9681
R4923,Frontend Developer,0.4809,0.1426,0.8613
R4924,Software Engineer,0.5453,0.2073,0.9254
R4925,Data Analyst,0.4031,0.3144,0.3123
R4926,Backend Developer,0.5096,0.1953,0.8802
R4927,Frontend Developer,0.4118,0.0355,0.7869
R4928,Backend Developer,0.3551,0.0528,0.5415
R4929,Frontend Developer,0.4994,0.1648,0.8812
R4930,Data Scientist,0.6089,0.3268,0.9466
R4931,Frontend Developer,0.6974,0.3588,0.9846
R4932,Software Engineer,0.5818,0.2455,0.9479
R4933,Software Engineer,0.4048,0.1018,0.6693
R4934,Backend Developer,0.5856,0.2567,0.9477
R4935,Data Scientist,0.3916,0.1898,0.4689
R4936,Software Engineer,0.4663,0.3615,0.5041
R4937,Software Engineer,0.4324,0.0971,0.7836
R4938,Software Engineer,0.6764,0.3492,0.9795
R4939,ML Engineer,0.7041,0.3788,0.9845
R4940,Software Engineer,0.5248,0.2144,0.8943
R4941,Data Analyst,0.6184,0.3123,0.9576
R4942,Backend Developer,0.7037,0.3776,0.9845
R4943,Data Scientist,0.5592,0.2492,0.9245
R4944,Data Scientist,0.7356,0.4069,0.9891
R4945,Data Analyst,0.5208,0.1623,0.9148
R4946,Backend Developer,0.65,0.3499,0.9684
R4947,Data Scientist,0.5779,0.2672,0.9376
R4948,ML Engineer,0.5619,0.2189,0.9385
R4949,Data Scientist,0.5271,0.1814,0.9143
R4950,Data Scientist,0.5012,0.1702,0.881
R4951,Data Scientist,0.5814,0.2441,0.9479
R4952,Software Engineer,0.6062,0.2985,0.9524
R4953,Frontend Developer,0.2858,0.2073,0.1019
R4954,Backend Developer,0.5933,0.3134,0.9367
R4955,Data Analyst,0.3157,0.2687,0.1153
R4956,Data Analyst,0.5532,0.327,0.8644
R4957,Software Engineer,0.4205,0.0615,0.7855
R4958,Data Analyst,0.6295,0.2886,0.969
R4959,Data Scientist,0.3517,0.285,0.1771
R4960,Data Scientist,0.6656,0.3969,0.9679
R4961,Data Analyst,0.4224,0.0673,0.7852
R4962,Data Analyst,0.5411,0.2234,0.9133
R4963,ML Engineer,0.3128,0.1384,0.232
R4964,Data Scientist,0.6588,0.3765,0.9681
R4965,Data Scientist,0.4783,0.1348,0.8616
R4966,ML Engineer,0.4856,0.1235,0.8826
R4967,Frontend Developer,0.4249,0.0746,0.7848
R4968,Software Engineer,0.6263,0.2788,0.9691
R4969,Backend Developer,0.5364,0.2091,0.9136
R4970,Software Engineer,0.293,0.229,0.1012
R4971,Software Engineer,0.5254,0.1761,0.9145
R4972,Data Analyst,0.5409,0.2477,0.8952
R4973,Frontend Developer,0.5032,0.1497,0.8963
R4974,ML Engineer,0.5034,0.1768,0.8808
R4975,Data Scientist,0.4114,0.2677,0.422
R4976,ML Engineer,0.6648,0.3144,0.9797
R4977,Data Scientist,0.3355,0.2064,0.2194
R4978,ML Engineer,0.433,0.0991,0.7834
R4979,Software Engineer,0.5645,0.2268,0.9383
R4980,ML Engineer,0.3025,0.1743,0.1641
R4981,Software Engineer,0.6894,0.3348,0.9847
R4982,Data Scientist,0.3846,0.1689,0.4706
R4983,Software Engineer,0.5123,0.2334,0.8524
R4984,ML Engineer,0.5694,0.2415,0.9381
R4985,Data Analyst,0.5783,0.2683,0.9376
R4986,Backend Developer,0.2612,0.0836,0.1501
R4987,Data Scientist,0.4332,0.0997,0.7834
R4988,Software Engineer,0.4941,0.1824,0.8598
R4989,Software Engineer,0.5378,0.2135,0.9135
R4990,Software Engineer,0.5891,0.3007,0.937
R4991,Data Scientist,0.252,0.2059,0.0612
R4992,Data Scientist,0.4791,0.2695,0.7034
R4993,Data Scientist,0.1799,0.0898,0.0374
R4994,Software Engineer,0.4265,0.0794,0.7845
R4995,Data Scientist,0.6323,0.4218,0.9336
R4996,Frontend Developer,0.5375,0.2125,0.9136
R4997,Backend Developer,0.6453,0.336,0.9685
R4998,Data Analyst,0.322,0.2493,0.1394
R4999,ML Engineer,0.5653,0.2292,0.9383
R5000,Software Engineer,0.4211,0.0632,0.7854
R5001,Data Analyst,0.4242,0.0727,0.7849
R5002,Backend Developer,0.1684,0.0553,0.0378
R5003,Software Engineer,0.5058,0.1575,0.896
R5004,Software Engineer,0.5206,0.1617,0.9148
R5005,Frontend Developer,0.6116,0.3149,0.9521
R5006,Data Scientist,0.4268,0.0803,0.7845
R5007,Backend Developer,0.5766,0.2631,0.9377
R5008,Frontend Developer,0.6441,0.3324,0.9686
R5009,Data Analyst,0.5816,0.2782,0.9374
R5010,Data Scientist,0.5095,0.1685,0.8957
R5011,Data Scientist,0.5728,0.2517,0.9379
R5012,Software Engineer,0.5665,0.2329,0.9382
R5013,Frontend Developer,0.5765,0.2629,0.9377
R5014,Software Engineer,0.5337,0.2012,0.9138
R5015,Backend Developer,0.2609,0.0827,0.1502
R5016,Data Scientist,0.6826,0.3906,0.9765
R5017,Software Engineer,0.521,0.1629,0.9148
R5018,Frontend Developer,0.5653,0.2291,0.9383
R5019,ML Engineer,0.3329,0.2287,0.1797
R5020,Backend Developer,0.4511,0.4033,0.3597
R5021,Frontend Developer,0.5965,0.3593,0.913
R5022,ML Engineer,0.5622,0.2199,0.9385
R5023,Backend Developer,0.5118,0.1755,0.8955
R5024,Software Engineer,0.4958,0.1732,0.8694
R5025,Frontend Developer,0.5394,0.2183,0.9134
R5026,Data Analyst,0.6536,0.3607,0.9683
R5027,Frontend Developer,0.5536,0.1942,0.9389
R5028,Frontend Developer,0.4851,0.1218,0.8826
R5029,Frontend Developer,0.5706,0.2453,0.938
R5030,Frontend Developer,0.5592,0.211,0.9386
R5031,Frontend Developer,0.5999,0.2797,0.9526
R5032,Data Scientist,0.4264,0.2988,0.4305
R5033,Backend Developer,0.5603,0.2525,0.9244
R5034,Software Engineer,0.5424,0.1988,0.9256
R5035,Data Scientist,0.6173,0.309,0.9577
R5036,Data Scientist,0.433,0.099,0.7834
R5037,Data Analyst,0.308,0.1639,0.1859
R5038,Software Engineer,0.3129,0.2221,0.1404
R5039,Data Scientist,0.4807,0.2253,0.7705
R5040,Software Engineer,0.3884,0.2367,0.3738
R5041,Data Scientist,0.3383,0.0649,0.4464
R5042,Frontend Developer,0.6052,0.2727,0.9581
R5043,Software Engineer,0.4355,0.1965,0.6524
R5044,Frontend Developer,0.2774,0.1821,0.1026
R5045,Software Engineer,0.5455,0.2864,0.8788
R5046,Backend Developer,0.4355,0.2147,0.6126
R5047,Data Scientist,0.5035,0.177,0.8808
R5048,Frontend Developer,0.4508,0.369,0.4059
R5049,Data Analyst,0.5622,0.2201,0.9385
R5050,Software Engineer,0.4821,0.1319,0.8709
R5051,ML Engineer,0.4276,0.0829,0.7843
R5052,Frontend Developer,0.6147,0.3012,0.9578
R5053,Data Scientist,0.4358,0.1073,0.783
R5054,Data Analyst,0.4953,0.1525,0.8816
R5055,Software Engineer,0.3743,0.0728,0.5956
R5056,Frontend Developer,0.424,0.0721,0.7849
R5057,Data Analyst,0.6703,0.3537,0.9767
R5058,Data Scientist,0.3074,0.2435,0.1161
R5059,Software Engineer,0.7878,0.4969,0.9923
R5060,Data Analyst,0.6055,0.2964,0.9524
R5061,ML Engineer,0.5747,0.2576,0.9378
R5062,ML Engineer,0.6076,0.3227,0.9467
R5063,ML Engineer,0.6038,0.2686,0.9582
R5064,Software Engineer,0.5479,0.1772,0.9393
R5065,Data Analyst,0.4374,0.1123,0.7827
R5066,Data Analyst,0.5034,0.1767,0.8808
R5067,ML Engineer,0.2356,0.0694,0.1084
R5068,ML Engineer,0.4186,0.0557,0.7858
R5069,Backend Developer,0.4237,0.0712,0.7849
R5070,Frontend Developer,0.356,0.1288,0.4114
R5071,Data Analyst,0.3827,0.3553,0.1928
R5072,Frontend Developer,0.5886,0.2459,0.9531
R5073,Backend Developer,0.6019,0.2856,0.9526
R5074,Data Scientist,0.4845,0.1203,0.8827
R5075,Software Engineer,0.3975,0.3424,0.2476
R5076,ML Engineer,0.1724,0.0673,0.0377
R5077,Backend Developer,0.5785,0.3771,0.8681
R5078,Frontend Developer,0.3437,0.1935,0.2615
R5079,Data Analyst,0.6384,0.3723,0.9568
R5080,Data Analyst,0.5428,0.2869,0.8752
R5081,Frontend Developer,0.6992,0.3644,0.9846
R5082,Data Scientist,0.424,0.0721,0.7849
R5083,Frontend Developer,0.3321,0.1629,0.2651
R5084,Software Engineer,0.5929,0.2588,0.9529
R5085,Data Scientist,0.3929,0.1287,0.579
R5086,Data Analyst,0.4401,0.1202,0.7823
R5087,ML Engineer,0.574,0.2552,0.9378
R5088,Software Engineer,0.5251,0.1752,0.9145
R5089,Data Scientist,0.5464,0.2393,0.9129
R5090,Software Engineer,0.3566,0.2324,0.2591
R5091,Data Analyst,0.7113,0.4006,0.9844
R5092,Data Analyst,0.5649,0.2661,0.9241
R5093,Frontend Developer,0.5333,0.2999,0.8353
R5094,Frontend Developer,0.2159,0.0976,0.0632
R5095,Software Engineer,0.6969,0.3907,0.9814
R5096,Frontend Developer,0.5117,0.2017,0.88
R5097,Data Analyst,0.6928,0.3984,0.9792
R5098,Data Analyst,0.3901,0.2417,0.3735
R5099,ML Engineer,0.6738,0.3643,0.9767
R5100,Backend Developer,0.4765,0.1296,0.8618
R5101,Data Scientist,0.6405,0.3215,0.9687
R5102,Backend Developer,0.5261,0.1782,0.9144
R5103,Frontend Developer,0.5261,0.1783,0.9144
R5104,Software Engineer,0.7289,0.3866,0.9892
R5105,Backend Developer,0.295,0.15,0.1647
R5106,Data Analyst,0.5414,0.2241,0.9133
R5107,Software Engineer,0.5794,0.3204,0.9137
R5108,ML Engineer,0.4426,0.3445,0.4078
R5109,Frontend Developer,0.4307,0.2923,0.4656
R5110,Backend Developer,0.6279,0.3408,0.9573
R5111,Data Scientist,0.4793,0.2212,0.7707
R5112,Data Analyst,0.279,0.1869,0.1025
R5113,Backend Developer,0.6267,0.28,0.9691
R5114,Data Analyst,0.5116,0.2013,0.88
R5115,Backend Developer,0.4821,0.1464,0.8611
R5116,Software Engineer,0.4965,0.1561,0.8815
R5117,Data Scientist,0.1717,0.065,0.0377
R5118,Data Analyst,0.5242,0.3226,0.7966
R5119,Backend Developer,0.5546,0.197,0.9389
R5120,ML Engineer,0.5213,0.2222,0.8774
R5121,ML Engineer,0.49,0.1558,0.87
R5122,Data Analyst,0.4282,0.0847,0.7842
R5123,Data Scientist,0.5656,0.2301,0.9383
R5124,Data Scientist,0.3935,0.1055,0.6289
R5125,Data Analyst,0.3513,0.2255,0.2466
R5126,ML Engineer,0.4889,0.1334,0.8822
R5127,Backend Developer,0.3812,0.277,0.2845
R5128,Data Analyst,0.6824,0.3901,0.9765
R5129,Backend Developer,0.6451,0.3354,0.9685
R5130,Data Analyst,0.4996,0.1654,0.8812
R5131,Data Scientist,0.702,0.3725,0.9845
R5132,Frontend Developer,0.2958,0.1791,0.1442
R5133,Frontend Developer,0.5619,0.2571,0.9243
R5134,Frontend Developer,0.4787,0.1217,0.8713
R5135,Frontend Developer,0.4813,0.1297,0.871
R5136,Frontend Developer,0.4178,0.0535,0.7859
R5137,ML Engineer,0.5788,0.2698,0.9375
R5138,Data Scientist,0.4471,0.1413,0.7811
R5139,Data Scientist,0.5561,0.3183,0.8722
R5140,Frontend Developer,0.4824,0.1328,0.8709
R5141,Software Engineer,0.5324,0.1973,0.9139
R5142,Frontend Developer,0.5036,0.2859,0.764
R5143,Software Engineer,0.4269,0.0806,0.7844
R5144,Data Analyst,0.4008,0.138,0.5975
R5145,Data Scientist,0.5454,0.2361,0.913
R5146,Frontend Developer,0.6156,0.3268,0.952
R5147,Backend Developer,0.51,0.1701,0.8956
R5148,ML Engineer,0.5593,0.2113,0.9386
R5149,Backend Developer,0.2325,0.0601,0.1087
R5150,Frontend Developer,0.5547,0.1975,0.9389
R5151,ML Engineer,0.5146,0.1838,0.8952
R5152,Data Scientist,0.7358,0.474,0.984
R5153,Frontend Developer,0.2452,0.0982,0.1076
R5154,Software Engineer,0.5178,0.1934,0.895
R5155,Software Engineer,0.6696,0.3517,0.9768
R5156,Backend Developer,0.5354,0.2062,0.9137
R5157,Data Scientist,0.5919,0.3631,0.9076
R5158,Data Scientist,0.5084,0.1653,0.8958
R5159,Data Analyst,0.4301,0.0902,0.7839
R5160,Software Engineer,0.6269,0.2808,0.9691
R5161,Data Scientist,0.5161,0.1883,0.8951
R5162,Data Scientist,0.6813,0.3868,0.9765
R5163,Frontend Developer,0.5401,0.2202,0.9134
R5164,Data Analyst,0.6184,0.3353,0.9518
R5165,ML Engineer,0.2592,0.1675,0.0843
R5166,Software Engineer,0.556,0.2014,0.9388
R5167,ML Engineer,0.6476,0.3428,0.9685
R5168,ML Engineer,0.2653,0.096,0.1496
R5169,Software Engineer,0.5961,0.2684,0.9528
R5170,ML Engineer,0.4253,0.0758,0.7847
R5171,Backend Developer,0.6677,0.403,0.9679
R5172,Software Engineer,0.6342,0.3025,0.9689
R5173,Data Analyst,0.4324,0.0973,0.7835
R5174,Data Scientist,0.3015,0.1961,0.1436
R5175,Backend Developer,0.1705,0.0616,0.0377
R5176,Data Scientist,0.2906,0.2217,0.1015
R5177,ML Engineer,0.5337,0.2012,0.9138
R5178,Software Engineer,0.5919,0.2758,0.9474
R5179,ML Engineer,0.3225,0.2507,0.1393
R5180,Data Analyst,0.5693,0.2413,0.9381
R5181,Data Analyst,0.4858,0.1431,0.8705
R5182,Data Scientist,0.1687,0.0562,0.0378
R5183,Data Analyst,0.3152,0.2671,0.1153
R5184,Frontend Developer,0.3101,0.1596,0.1984
R5185,Frontend Developer,0.5231,0.1694,0.9146
R5186,Frontend Developer,0.5046,0.1537,0.8961
R5187,Data Analyst,0.4893,0.1679,0.8603
R5188,Data Analyst,0.5742,0.2561,0.9378
R5189,Frontend Developer,0.6149,0.3246,0.952
R5190,Software Engineer,0.4905,0.4216,0.4929
R5191,Data Scientist,0.564,0.2633,0.9241
R5192,Data Analyst,0.4215,0.0645,0.7853
R5193,Backend Developer,0.4318,0.2039,0.6135
R5194,ML Engineer,0.4858,0.143,0.8705
R5195,ML Engineer,0.489,0.1526,0.8701
R5196,Frontend Developer,0.4569,0.3277,0.5222
R5197,Data Scientist,0.4001,0.2338,0.4246
R5198,Backend Developer,0.5976,0.2728,0.9527
R5199,Data Scientist,0.5704,0.2444,0.938
R5200,Software Engineer,0.7108,0.3992,0.9844
R5201,ML Engineer,0.5096,0.1687,0.8957
R5202,ML Engineer,0.4199,0.0596,0.7856
R5203,ML Engineer,0.5101,0.3054,0.7629
R5204,Data Scientist,0.1779,0.0836,0.0375
R5205,Backend Developer,0.6402,0.3207,0.9687
R5206,Data Scientist,0.4292,0.0875,0.7841
R5207,Backend Developer,0.5277,0.183,0.9143
R5208,ML Engineer,0.5181,0.2211,0.8793
R5209,Data Analyst,0.5644,0.2647,0.9241
R5210,Frontend Developer,0.5103,0.2142,0.8605
R5211,Data Scientist,0.6562,0.3687,0.9682
R5212,Backend Developer,0.5712,0.2468,0.938
R5213,Data Analyst,0.6039,0.3118,0.9469
R5214,ML Engineer,0.5622,0.22,0.9385
R5215,Frontend Developer,0.4492,0.1833,0.7281
R5216,Software Engineer,0.5197,0.199,0.8948
R5217,Data Scientist,0.4362,0.1087,0.7829
R5218,ML Engineer,0.3918,0.1905,0.4688
R5219,Frontend Developer,0.3962,0.1554,0.548
R5220,Data Scientist,0.4848,0.1544,0.8608
R5221,Data Scientist,0.178,0.0841,0.0375
R5222,ML Engineer,0.4275,0.0824,0.7843
R5223,Data Scientist,0.5394,0.2581,0.893
R5224,Backend Developer,0.5984,0.2752,0.9527
R5225,Data Analyst,0.3462,0.2685,0.1778
R5226,Data Scientist,0.576,0.2995,0.9233
R5227,ML Engineer,0.4921,0.1763,0.86
R5228,Data Scientist,0.2403,0.1566,0.0669
R5229,Data Scientist,0.5125,0.2041,0.8799
R5230,ML Engineer,0.3646,0.194,0.3407
R5231,Data Scientist,0.5097,0.1959,0.8802
R5232,Backend Developer,0.3382,0.1647,0.2885
R5233,Backend Developer,0.553,0.1922,0.939
R5234,Software Engineer,0.4889,0.1333,0.8822
R5235,Data Scientist,0.5234,0.3451,0.7606
R5236,Data Scientist,0.5078,0.1633,0.8959
R5237,Backend Developer,0.5361,0.2084,0.9137
R5238,Backend Developer,0.4565,0.2029,0.7142
R5239,Data Analyst,0.5862,0.2385,0.9532
R5240,Software Engineer,0.4825,0.1331,0.8708
R5241,Software Engineer,0.5538,0.1947,0.9389
R5242,Backend Developer,0.6122,0.4115,0.904
R5243,Data Analyst,0.6805,0.3844,0.9765
R5244,Backend Developer,0.6906,0.3386,0.9847
R5245,Data Analyst,0.5908,0.2524,0.953
R5246,Software Engineer,0.4159,0.0478,0.7862
R5247,ML Engineer,0.5468,0.2403,0.9129
R5248,Data Analyst,0.4229,0.0687,0.7851
R5249,Data Scientist,0.3177,0.1779,0.1961
R5250,Data Scientist,0.5746,0.2571,0.9378
R5251,Backend Developer,0.3452,0.1712,0.3046
R5252,Software Engineer,0.5612,0.217,0.9385
R5253,Frontend Developer,0.5544,0.1964,0.9389
R5254,Data Analyst,0.5213,0.2496,0.8666
R5255,ML Engineer,0.2593,0.0779,0.1504
R5256,Software Engineer,0.3776,0.2663,0.2852
R5257,Backend Developer,0.2468,0.1569,0.0738
R5258,Frontend Developer,0.6381,0.3143,0.9687
R5259,Data Analyst,0.5371,0.2112,0.9136
R5260,Data Scientist,0.5666,0.2332,0.9382
R5261,Software Engineer,0.4179,0.0537,0.7859
R5262,ML Engineer,0.4171,0.0512,0.786
R5263,Frontend Developer,0.5968,0.2705,0.9528
R5264,Data Analyst,0.5551,0.1986,0.9389
R5265,Software Engineer,0.7008,0.369,0.9846
R5266,Data Scientist,0.5237,0.3211,0.7967
R5267,Data Scientist,0.572,0.2873,0.9236
R5268,Data Scientist,0.4315,0.0944,0.7837
R5269,Data Analyst,0.4248,0.0743,0.7848
R5270,Backend Developer,0.3562,0.1687,0.3425
R5271,ML Engineer,0.6344,0.3031,0.9688
R5272,Data Analyst,0.5666,0.2997,0.9113
R5273,ML Engineer,0.4189,0.0568,0.7857
R5274,Data Analyst,0.1841,0.1022,0.0373
R5275,Software Engineer,0.5623,0.2203,0.9385
R5276,Data Analyst,0.5762,0.2621,0.9377
R5277,Software Engineer,0.3661,0.2315,0.2875
R5278,Data Scientist,0.4505,0.2058,0.702
R5279,ML Engineer,0.4899,0.1363,0.8821
R5280,Data Analyst,0.5878,0.2969,0.937
R5281,Frontend Developer,0.2562,0.0686,0.1508
R5282,Data Scientist,0.5656,0.2303,0.9383
R5283,Backend Developer,0.3479,0.1937,0.2866
R5284,Backend Developer,0.1743,0.073,0.0376
R5285,Data Analyst,0.5097,0.1692,0.8957
R5286,Backend Developer,0.5485,0.2169,0.9252
R5287,Data Analyst,0.5895,0.2686,0.9476
R5288,Data Analyst,0.4238,0.0713,0.7849
R5289,ML Engineer,0.5473,0.2418,0.9128
R5290,Software Engineer,0.5672,0.235,0.9382
R5291,Software Engineer,0.5532,0.2846,0.8941
R5292,ML Engineer,0.4735,0.1206,0.8621
R5293,Software Engineer,0.519,0.1569,0.9149
R5294,Data Analyst,0.5718,0.2488,0.9379
R5295,Software Engineer,0.4794,0.1239,0.8712
R5296,Data Analyst,0.4325,0.0974,0.7835
R5297,Data Analyst,0.3797,0.2105,0.3758
R5298,Frontend Developer,0.6814,0.387,0.9765
R5299,Data Analyst,0.6111,0.3334,0.9465
R5300,Backend Developer,0.5311,0.1933,0.914
R5301,ML Engineer,0.5229,0.1687,0.9147
R5302,Software Engineer,0.4802,0.1072,0.8831
R5303,Data Analyst,0.5022,0.1731,0.8809
R5304,Backend Developer,0.4822,0.1324,0.8709
R5305,ML Engineer,0.4894,0.1683,0.8603
R5306,Frontend Developer,0.6391,0.3172,0.9687
R5307,Data Analyst,0.6051,0.2952,0.9524
R5308,Data Scientist,0.7123,0.4034,0.9844
R5309,Software Engineer,0.4178,0.0535,0.7859
R5310,Data Analyst,0.2457,0.1539,0.0739
R5311,Data Scientist,0.5689,0.3266,0.8868
R5312,Frontend Developer,0.5736,0.2541,0.9378
R5313,Backend Developer,0.5683,0.2381,0.9381
R5314,Software Engineer,0.4642,0.2997,0.5987
R5315,ML Engineer,0.5149,0.1846,0.8952
R5316,Data Analyst,0.488,0.1497,0.8702
R5317,Data Scientist,0.432,0.0961,0.7836
R5318,ML Engineer,0.4258,0.0773,0.7846
R5319,Software Engineer,0.4604,0.1688,0.7752
R5320,Data Scientist,0.409,0.2105,0.5015
R5321,Backend Developer,0.4489,0.1799,0.7157
R5322,Data Scientist,0.6387,0.316,0.9687
R5323,Backend Developer,0.3119,0.2189,0.1405
R5324,Software Engineer,0.5306,0.1918,0.9141
R5325,Software Engineer,0.5542,0.196,0.9389
R5326,Backend Developer,0.5523,0.2568,0.9124
R5327,Data Scientist,0.4759,0.1277,0.8619
R5328,Data Scientist,0.5294,0.1882,0.9142
R5329,Software Engineer,0.5986,0.2757,0.9527
R5330,Data Analyst,0.5155,0.1865,0.8952
R5331,ML Engineer,0.5111,0.1734,0.8956
R5332,Software Engineer,0.3729,0.1936,0.3874
R5333,Software Engineer,0.5996,0.2989,0.9471
R5334,Software Engineer,0.4191,0.0574,0.7857
R5335,Software Engineer,0.7086,0.3925,0.9844
R5336,Software Engineer,0.7188,0.4232,0.9843
R5337,Data Scientist,0.3175,0.1815,0.1973
R5338,Software Engineer,0.2573,0.162,0.0844
R5339,Software Engineer,0.4872,0.1472,0.8703
R5340,Data Analyst,0.5318,0.1954,0.914
R5341,Frontend Developer,0.5801,0.2404,0.948
R5342,Backend Developer,0.4402,0.3906,0.3355
R5343,Software Engineer,0.4268,0.0803,0.7845
R5344,ML Engineer,0.3085,0.209,0.1409
R5345,Data Scientist,0.7137,0.4078,0.9844
R5346,Frontend Developer,0.5472,0.2417,0.9128
R5347,Software Engineer,0.4884,0.2242,0.7987
R5348,Data Analyst,0.5541,0.2622,0.9123
R5349,Software Engineer,0.7851,0.5153,0.991
R5350,Backend Developer,0.4149,0.0446,0.7864
R5351,Data Scientist,0.532,0.1961,0.914
R5352,Backend Developer,0.2995,0.2199,0.1169
R5353,Backend Developer,0.525,0.1751,0.9145
R5354,Frontend Developer,0.2605,0.0817,0.1502
R5355,ML Engineer,0.4127,0.0381,0.7867
R5356,Software Engineer,0.5547,0.1973,0.9389
R5357,Data Analyst,0.6358,0.3075,0.9688
R5358,Software Engineer,0.4236,0.0707,0.785
R5359,Data Analyst,0.7011,0.3699,0.9846
R5360,Frontend Developer,0.4202,0.0605,0.7855
R5361,Data Analyst,0.2332,0.1497,0.0623
R5362,Software Engineer,0.3983,0.2165,0.4485
R5363,Frontend Developer,0.4123,0.0368,0.7868
R5364,Backend Developer,0.3161,0.2317,0.14
R5365,Data Scientist,0.3991,0.3472,0.2473
R5366,Software Engineer,0.6542,0.3625,0.9683
R5367,ML Engineer,0.5483,0.2449,0.9127
R5368,Data Analyst,0.3154,0.2296,0.1401
R5369,Frontend Developer,0.4336,0.2092,0.6131
R5370,Software Engineer,0.5892,0.2677,0.9476
R5371,Data Analyst,0.4252,0.0756,0.7847
R5372,Software Engineer,0.4842,0.1525,0.8609
R5373,Frontend Developer,0.5297,0.1892,0.9141
R5374,Data Scientist,0.4665,0.2746,0.6512
R5375,Data Scientist,0.532,0.1961,0.914
R5376,Data Scientist,0.5905,0.5214,0.7404
R5377,Backend Developer,0.449,0.197,0.7008
R5378,Frontend Developer,0.4231,0.0693,0.785
R5379,Software Engineer,0.643,0.3291,0.9686
R5380,ML Engineer,0.4386,0.1159,0.7825
R5381,Data Scientist,0.4385,0.1154,0.7826
R5382,Data Scientist,0.5669,0.2341,0.9382
R5383,Backend Developer,0.2827,0.1981,0.1021
R5384,Frontend Developer,0.4975,0.1325,0.8968
R5385,ML Engineer,0.6513,0.354,0.9684
R5386,Data Scientist,0.7089,0.3933,0.9844
R5387,ML Engineer,0.2376,0.1294,0.0744
R5388,Data Scientist,0.4357,0.1072,0.783
R5389,ML Engineer,0.5557,0.2005,0.9388
R5390,Software Engineer,0.5955,0.2866,0.9473
R5391,ML Engineer,0.6871,0.3614,0.9815
R5392,ML Engineer,0.2393,0.1345,0.0743
R5393,Frontend Developer,0.1709,0.0626,0.0377
R5394,Data Analyst,0.6865,0.3796,0.9793
R5395,Frontend Developer,0.4045,0.285,0.3702
R5396,Software Engineer,0.4261,0.2783,0.4668
R5397,Data Analyst,0.3957,0.1228,0.5987
R5398,Frontend Developer,0.506,0.1579,0.896
R5399,Data Analyst,0.4932,0.2047,0.8326
R5400,ML Engineer,0.6258,0.2775,0.9691
R5401,Software Engineer,0.6698,0.3523,0.9768
R5402,Backend Developer,0.4302,0.0907,0.7839
R5403,Backend Developer,0.5894,0.3183,0.9259
R5404,Data Scientist,0.5735,0.2537,0.9378
R5405,Data Analyst,0.529,0.1871,0.9142
R5406,Data Scientist,0.5731,0.2526,0.9379
R5407,Data Analyst,0.5787,0.2694,0.9376
R5408,Data Scientist,0.4823,0.1469,0.8611
R5409,Data Scientist,0.6339,0.3016,0.9689
R5410,Data Scientist,0.6981,0.3611,0.9846
R5411,ML Engineer,0.3643,0.1678,0.3894
R5412,Backend Developer,0.613,0.3391,0.9464
R5413,Frontend Developer,0.5288,0.1863,0.9142
R5414,Backend Developer,0.4303,0.0908,0.7839
R5415,Backend Developer,0.4563,0.2771,0.6079
R5416,Backend Developer,0.5709,0.2461,0.938
R5417,Backend Developer,0.5311,0.1934,0.914
R5418,Frontend Developer,0.5129,0.1788,0.8954
R5419,Data Analyst,0.4445,0.1334,0.7816
R5420,Data Scientist,0.5495,0.2486,0.9126
R5421,Software Engineer,0.6423,0.327,0.9686
R5422,Data Scientist,0.6383,0.3148,0.9687
R5423,ML Engineer,0.4214,0.0641,0.7853
R5424,Software Engineer,0.2599,0.1965,0.0729
R5425,Data Scientist,0.5679,0.275,0.9239
R5426,ML Engineer,0.3957,0.2922,0.3138
R5427,Data Scientist,0.5371,0.2114,0.9136
R5428,Data Scientist,0.5695,0.2418,0.9381
R5429,Frontend Developer,0.5526,0.191,0.939
R5430,Data Scientist,0.581,0.2765,0.9374
R5431,Backend Developer,0.5269,0.1808,0.9144
R5432,Backend Developer,0.422,0.0661,0.7852
R5433,Data Scientist,0.508,0.1906,0.8803
R5434,Software Engineer,0.5963,0.3139,0.9357
R5435,Backend Developer,0.5591,0.2773,0.9119
R5436,ML Engineer,0.4372,0.2199,0.6122
R5437,Data Scientist,0.5131,0.4059,0.6259
R5438,Frontend Developer,0.4524,0.2288,0.6674
R5439,ML Engineer,0.6644,0.4932,0.9288
R5440,Backend Developer,0.4566,0.3864,0.4046
R5441,Data Analyst,0.5122,0.2034,0.8799
R5442,ML Engineer,0.5391,0.2172,0.9134
R5443,Data Scientist,0.4402,0.1205,0.7823
R5444,Frontend Developer,0.418,0.0541,0.7859
R5445,Backend Developer,0.6493,0.3478,0.9684
R5446,Frontend Developer,0.2732,0.1697,0.103
R5447,Backend Developer,0.4882,0.1502,0.8702
R5448,Software Engineer,0.6085,0.2827,0.958
R5449,Frontend Developer,0.5635,0.2238,0.9384
R5450,Backend Developer,0.6263,0.279,0.9691
R5451,ML Engineer,0.532,0.1961,0.914
R5452,ML Engineer,0.5974,0.2722,0.9527
R5453,Data Analyst,0.4269,0.0806,0.7844
R5454,Data Scientist,0.5146,0.1839,0.8952
R5455,Software Engineer,0.5973,0.292,0.9472
R5456,Backend Developer,0.4199,0.0598,0.7856
R5457,Data Analyst,0.521,0.1629,0.9148
R5458,Data Analyst,0.3271,0.2645,0.1388
R5459,Data Analyst,0.5523,0.257,0.9124
R5460,Backend Developer,0.6744,0.3431,0.9795
R5461,Software Engineer,0.3466,0.2114,0.2474
R5462,ML Engineer,0.5369,0.182,0.9259
R5463,Data Analyst,0.432,0.0959,0.7836
R5464,Data Analyst,0.3708,0.0624,0.5964
R5465,ML Engineer,0.5386,0.1874,0.9258
R5466,Software Engineer,0.4434,0.347,0.4076
R5467,Backend Developer,0.6094,0.3532,0.9349
R5468,Data Scientist,0.4898,0.136,0.8822
R5469,Frontend Developer,0.3517,0.1051,0.4433
R5470,Backend Developer,0.4207,0.0622,0.7854
R5471,Data Analyst,0.3853,0.2559,0.3362
R5472,Frontend Developer,0.5755,0.2598,0.9377
R5473,Software Engineer,0.5811,0.2768,0.9374
R5474,Frontend Developer,0.5163,0.1888,0.8951
R5475,Data Scientist,0.5485,0.2169,0.9252
R5476,Frontend Developer,0.4831,0.135,0.8708
R5477,Data Analyst,0.422,0.0661,0.7852
R5478,Data Scientist,0.493,0.1791,0.8599
R5479,ML Engineer,0.5616,0.2181,0.9385
R5480,ML Engineer,0.5625,0.2208,0.9385
R5481,Software Engineer,0.5281,0.1843,0.9143
R5482,Backend Developer,0.5428,0.2685,0.8927
R5483,ML Engineer,0.3934,0.2135,0.4262
R5484,Software Engineer,0.4245,0.0734,0.7848
R5485,Backend Developer,0.4221,0.0664,0.7852
R5486,Backend Developer,0.4934,0.1468,0.8818
R5487,Software Engineer,0.5849,0.2546,0.9478
R5488,Data Scientist,0.5252,0.2155,0.8943
R5489,Software Engineer,0.635,0.305,0.9688
R5490,ML Engineer,0.4869,0.1606,0.8606
R5491,Backend Developer,0.4878,0.1847,0.8345
R5492,Backend Developer,0.5035,0.1961,0.8686
R5493,ML Engineer,0.4266,0.0799,0.7845
R5494,Data Scientist,0.4379,0.1136,0.7827
R5495,Data Scientist,0.5469,0.2121,0.9253
R5496,ML Engineer,0.5492,0.3548,0.831
R5497,Backend Developer,0.4897,0.1548,0.8701
R5498,Software Engineer,0.536,0.208,0.9137
R5499,Software Engineer,0.5494,0.2198,0.9251
R5500,Data Scientist,0.3625,0.2501,0.258
R5501,Software Engineer,0.3499,0.2569,0.1977
R5502,Backend Developer,0.4322,0.2766,0.4945
R5503,ML Engineer,0.5679,0.2371,0.9382
R5504,Data Analyst,0.6633,0.3898,0.968
R5505,Frontend Developer,0.5966,0.2899,0.9472
R5506,Frontend Developer,0.5682,0.2922,0.9094
R5507,Frontend Developer,0.4859,0.1433,0.8705
R5508,Frontend Developer,0.2962,0.0637,0.2747
R5509,Data Scientist,0.5667,0.2333,0.9382
R5510,Frontend Developer,0.5304,0.1913,0.9141
R5511,Data Analyst,0.6951,0.3852,0.9814
R5512,Data Analyst,0.5155,0.1864,0.8952
R5513,Frontend Developer,0.533,0.1991,0.9139
R5514,Software Engineer,0.3767,0.23,0.3381
R5515,ML Engineer,0.39,0.32,0.2489
R5516,Frontend Developer,0.4212,0.0992,0.7334
R5517,Data Analyst,0.5879,0.297,0.937
R5518,Frontend Developer,0.3617,0.2923,0.1959
R5519,Backend Developer,0.1712,0.0637,0.0377
R5520,Backend Developer,0.5473,0.2918,0.8731
R5521,Data Scientist,0.5404,0.2212,0.9133
R5522,Data Analyst,0.4279,0.3407,0.3728
R5523,Data Scientist,0.4391,0.1172,0.7825
R5524,Data Scientist,0.6684,0.3253,0.9796
R5525,Software Engineer,0.3838,0.2229,0.3749
R5526,Frontend Developer,0.5081,0.1644,0.8958
R5527,Data Scientist,0.5558,0.2008,0.9388
R5528,Software Engineer,0.4975,0.1783,0.8692
R5529,Data Scientist,0.4293,0.0878,0.784
R5530,Software Engineer,0.597,0.2709,0.9528
R5531,Software Engineer,0.5144,0.1833,0.8953
R5532,Backend Developer,0.5378,0.2133,0.9135
R5533,ML Engineer,0.6925,0.4204,0.9763
R5534,Frontend Developer,0.2102,0.0555,0.0773
R5535,Data Scientist,0.5293,0.1878,0.9142
R5536,Software Engineer,0.6912,0.3404,0.9847
R5537,ML Engineer,0.7099,0.3962,0.9844
R5538,Software Engineer,0.537,0.2109,0.9136
R5539,ML Engineer,0.5854,0.2563,0.9478
R5540,Data Scientist,0.3193,0.2413,0.1397
R5541,Backend Developer,0.5044,0.1798,0.8807
R5542,Frontend Developer,0.7513,0.4826,0.987
R5543,Data Scientist,0.6297,0.3461,0.9572
R5544,Data Analyst,0.5733,0.2533,0.9379
R5545,Data Analyst,0.3304,0.2744,0.1384
R5546,Data Analyst,0.2596,0.1956,0.073
R5547,Software Engineer,0.2644,0.1833,0.0839
R5548,Data Scientist,0.6363,0.3088,0.9688
R5549,Data Analyst,0.6395,0.3185,0.9687
R5550,Frontend Developer,0.6447,0.334,0.9686
R5551,Data Scientist,0.4281,0.2643,0.4955
R5552,Data Scientist,0.5073,0.1885,0.8804
R5553,ML Engineer,0.5245,0.2136,0.8943
R5554,Backend Developer,0.6042,0.2925,0.9525
R5555,Software Engineer,0.5518,0.2267,0.925
R5556,Data Analyst,0.4937,0.2645,0.7683
R5557,Data Scientist,0.6206,0.3188,0.9575
R5558,Data Scientist,0.5724,0.367,0.8705
R5559,Backend Developer,0.241,0.1587,0.0669
R5560,Data Scientist,0.3974,0.2338,0.4289
R5561,Backend Developer,0.5221,0.2064,0.8946
R5562,Data Analyst,0.702,0.4059,0.9813
R5563,Backend Developer,0.6115,0.3846,0.9244
R5564,ML Engineer,0.5646,0.2272,0.9383
R5565,Data Analyst,0.4315,0.241,0.5595
R5566,Frontend Developer,0.5419,0.2256,0.9132
R5567,Backend Developer,0.4985,0.1355,0.8967
R5568,Data Scientist,0.4566,0.2783,0.6078
R5569,Data Scientist,0.4136,0.2157,0.5222
R5570,Software Engineer,0.5589,0.21,0.9387
R5571,Software Engineer,0.597,0.2909,0.9472
R5572,ML Engineer,0.7336,0.4008,0.9892
R5573,Data Scientist,0.6321,0.2964,0.9689
R5574,Frontend Developer,0.6099,0.2869,0.9579
R5575,Backend Developer,0.3709,0.1543,0.4352
R5576,Software Engineer,0.4365,0.2178,0.6124
R5577,Frontend Developer,0.5789,0.2367,0.9481
R5578,Data Analyst,0.4829,0.1154,0.8828
R5579,Software Engineer,0.3615,0.2916,0.196
R5580,Data Analyst,0.4272,0.0817,0.7844
R5581,Data Scientist,0.3499,0.1663,0.3278
R5582,Software Engineer,0.506,0.1846,0.8805
R5583,Frontend Developer,0.4112,0.2086,0.5228
R5584,ML Engineer,0.6889,0.4095,0.9763
R5585,Software Engineer,0.6185,0.3127,0.9576
R5586,Data Scientist,0.472,0.1161,0.8623
R5587,Frontend Developer,0.6396,0.3188,0.9687
R5588,ML Engineer,0.5659,0.2851,0.9096
R5589,Data Analyst,0.5498,0.2493,0.9126
R5590,Data Analyst,0.8048,0.5477,0.9921
R5591,Data Analyst,0.496,0.1545,0.8815
R5592,ML Engineer,0.4416,0.1249,0.782
R5593,Backend Developer,0.3204,0.1612,0.2308
R5594,Data Analyst,0.2956,0.2368,0.101
R5595,Software Engineer,0.5927,0.2581,0.9529
R5596,Data Analyst,0.4257,0.2235,0.5608
R5597,Data Analyst,0.3311,0.0933,0.3713
R5598,Software Engineer,0.5376,0.1842,0.9259
R5599,ML Engineer,0.4403,0.194,0.6803
R5600,Backend Developer,0.5303,0.1908,0.9141
R5601,Data Analyst,0.486,0.158,0.8607
R5602,Backend Developer,0.4496,0.3061,0.5239
R5603,Backend Developer,0.67,0.3299,0.9796
R5604,Data Scientist,0.5089,0.2839,0.7879
R5605,Data Scientist,0.5421,0.2761,0.8737
R5606,Software Engineer,0.5422,0.1981,0.9256
R5607,Data Analyst,0.5624,0.2206,0.9385
R5608,Data Scientist,0.3299,0.2398,0.1634
R5609,Frontend Developer,0.2998,0.1394,0.187
R5610,Data Analyst,0.5607,0.2154,0.9386
R5611,Data Analyst,0.4911,0.1732,0.8601
R5612,Data Analyst,0.4247,0.074,0.7848
R5613,Data Scientist,0.4716,0.1148,0.8623
R5614,Backend Developer,0.4176,0.0529,0.7859
R5615,Frontend Developer,0.5333,0.2,0.9139
R5616,Backend Developer,0.608,0.304,0.9523
R5617,Software Engineer,0.7549,0.4647,0.9889
R5618,Data Scientist,0.42,0.06,0.7855
R5619,Data Analyst,0.3833,0.2458,0.335
R5620,Data Scientist,0.5779,0.3051,0.9232
R5621,ML Engineer,0.2551,0.0654,0.1509
R5622,Data Scientist,0.4309,0.0927,0.7838
R5623,Backend Developer,0.3815,0.2161,0.3754
R5624,Frontend Developer,0.5773,0.232,0.9481
R5625,Frontend Developer,0.4912,0.1986,0.8329
R5626,ML Engineer,0.6333,0.3,0.9689
R5627,Frontend Developer,0.54,0.2199,0.9134
R5628,Frontend Developer,0.5432,0.2009,0.9255
R5629,Data Analyst,0.4956,0.1725,0.8694
R5630,Frontend Developer,0.3085,0.1737,0.1814
R5631,Frontend Developer,0.6681,0.3471,0.9768
R5632,ML Engineer,0.5602,0.214,0.9386
R5633,Software Engineer,0.4953,0.1715,0.8695
R5634,ML Engineer,0.4325,0.0975,0.7835
R5635,Backend Developer,0.7101,0.3969,0.9844
R5636,Software Engineer,0.3518,0.1055,0.4432
R5637,Data Analyst,0.6356,0.3069,0.9688
R5638,Data Scientist,0.6442,0.3327,0.9686
R5639,ML Engineer,0.1753,0.076,0.0376
R5640,Data Scientist,0.5567,0.2035,0.9388
R5641,ML Engineer,0.4257,0.077,0.7846
R5642,ML Engineer,0.5113,0.1738,0.8955
R5643,Backend Developer,0.5641,0.2255,0.9384
R5644,Software Engineer,0.5571,0.2045,0.9388
R5645,Data Analyst,0.5724,0.2507,0.9379
R5646,Data Analyst,0.318,0.2372,0.1398
R5647,Frontend Developer,0.2536,0.0608,0.1511
R5648,Frontend Developer,0.4902,0.1705,0.8602
R5649,Frontend Developer,0.4179,0.0536,0.7859
R5650,Backend Developer,0.5097,0.169,0.8957
R5651,Data Scientist,0.4928,0.1641,0.8697
R5652,Data Analyst,0.5055,0.2021,0.8684
R5653,Software Engineer,0.6067,0.3451,0.9351
R5654,Frontend Developer,0.6565,0.3695,0.9682
R5655,Backend Developer,0.4224,0.2506,0.4983
R5656,Backend Developer,0.597,0.2481,0.9584
R5657,ML Engineer,0.5625,0.2209,0.9385
R5658,Frontend Developer,0.6246,0.3308,0.9574
R5659,Backend Developer,0.422,0.0661,0.7852
R5660,Software Engineer,0.5593,0.2111,0.9386
R5661,Software Engineer,0.5298,0.2768,0.8529
R5662,Data Analyst,0.5917,0.255,0.953
R5663,Software Engineer,0.4994,0.1649,0.8812
R5664,ML Engineer,0.5718,0.2488,0.9379
R5665,Data Analyst,0.5687,0.2394,0.9381
R5666,Data Analyst,0.5396,0.2188,0.9134
R5667,Data Scientist,0.3092,0.2492,0.1159
R5668,Backend Developer,0.7107,0.3988,0.9844
R5669,Data Analyst,0.4019,0.2271,0.4477
R5670,Backend Developer,0.4478,0.2935,0.541
R5671,Data Analyst,0.6676,0.3457,0.9768
R5672,ML Engineer,0.5705,0.2448,0.938
R5673,Backend Developer,0.5591,0.2107,0.9386
R5674,Data Scientist,0.5815,0.2779,0.9374
R5675,Frontend Developer,0.4729,0.1188,0.8622
R5676,Data Analyst,0.4236,0.2459,0.5198
R5677,Frontend Developer,0.5974,0.2723,0.9527
R5678,Data Scientist,0.4492,0.1477,0.7808
R5679,Data Analyst,0.4306,0.3847,0.3082
R5680,Frontend Developer,0.6722,0.4084,0.9673
R5681,Frontend Developer,0.483,0.1989,0.8108
R5682,Data Analyst,0.566,0.2313,0.9383
R5683,Backend Developer,0.5812,0.2935,0.9264
R5684,Software Engineer,0.6375,0.3125,0.9688
R5685,Data Analyst,0.3756,0.1417,0.4727
R5686,ML Engineer,0.476,0.1281,0.8618
R5687,Software Engineer,0.5565,0.2029,0.9388
R5688,Data Scientist,0.655,0.3649,0.9682
R5689,ML Engineer,0.6384,0.3153,0.9687
R5690,Frontend Developer,0.2295,0.1135,0.076
R5691,Data Analyst,0.2952,0.2357,0.1011
R5692,Software Engineer,0.2825,0.1974,0.1022
R5693,Frontend Developer,0.5545,0.2349,0.9248
R5694,Data Analyst,0.6503,0.351,0.9684
R5695,Data Analyst,0.3029,0.0836,0.2734
R5696,Software Engineer,0.5134,0.2903,0.7982
R5697,Software Engineer,0.4938,0.148,0.8818
R5698,ML Engineer,0.4968,0.1569,0.8815
R5699,ML Engineer,0.4627,0.4049,0.4032
R5700,Data Analyst,0.6155,0.3036,0.9577
R5701,Software Engineer,0.5681,0.2757,0.9239
R5702,ML Engineer,0.3449,0.2846,0.1615
R5703,Data Scientist,0.7468,0.4405,0.989
R5704,Backend Developer,0.5981,0.2742,0.9527
R5705,Data Scientist,0.5098,0.2151,0.8679
R5706,Data Scientist,0.4791,0.2249,0.7721
R5707,Data Analyst,0.5101,0.1703,0.8956
R5708,Backend Developer,0.4813,0.1295,0.871
R5709,Data Scientist,0.4228,0.1417,0.6839
R5710,Data Scientist,0.3075,0.2439,0.1161
R5711,Data Analyst,0.3785,0.1854,0.4121
R5712,ML Engineer,0.4976,0.2427,0.8086
R5713,Software Engineer,0.6217,0.3222,0.9575
R5714,ML Engineer,0.4153,0.0458,0.7863
R5715,Backend Developer,0.3716,0.2732,0.255
R5716,Software Engineer,0.4279,0.0837,0.7843
R5717,Data Scientist,0.3608,0.1724,0.3606
R5718,Data Scientist,0.4396,0.3188,0.451
R5719,Data Scientist,0.3738,0.109,0.5371
R5720,Backend Developer,0.3021,0.2277,0.1166
R5721,ML Engineer,0.4163,0.049,0.7861
R5722,Frontend Developer,0.4097,0.2715,0.4018
R5723,ML Engineer,0.4998,0.1394,0.8966
R5724,Data Scientist,0.6434,0.3303,0.9686
R5725,Backend Developer,0.5263,0.2189,0.8942
R5726,Frontend Developer,0.7532,0.4597,0.989
R5727,ML Engineer,0.4906,0.1383,0.8821
R5728,ML Engineer,0.5583,0.2462,0.9245
R5729,Data Analyst,0.6923,0.3969,0.9792
R5730,Data Analyst,0.4372,0.1115,0.7828
R5731,Data Analyst,0.6505,0.3516,0.9684
R5732,Data Analyst,0.4316,0.0947,0.7837
R5733,Frontend Developer,0.2961,0.0632,0.2747
R5734,Data Analyst,0.4167,0.0502,0.7861
R5735,Data Analyst,0.3938,0.3315,0.2483
R5736,Software Engineer,0.5236,0.3459,0.7605
R5737,Frontend Developer,0.5064,0.1593,0.896
R5738,Data Analyst,0.5307,0.192,0.9141
R5739,Data Scientist,0.1731,0.0694,0.0377
R5740,Frontend Developer,0.4397,0.1192,0.7824
R5741,Backend Developer,0.6852,0.3755,0.9793
R5742,ML Engineer,0.6453,0.336,0.9685
R5743,Data Analyst,0.346,0.1548,0.3286
R5744,Backend Developer,0.4316,0.0949,0.7837
R5745,Data Analyst,0.791,0.5329,0.9909
R5746,Data Scientist,0.4638,0.408,0.4029
R5747,Frontend Developer,0.4751,0.1254,0.8619
R5748,Data Scientist,0.5759,0.2991,0.9233
R5749,Data Scientist,0.4614,0.2341,0.6983
R5750,ML Engineer,0.4813,0.1439,0.8612
R5751,Data Scientist,0.5554,0.2378,0.9247
R5752,ML Engineer,0.3093,0.2111,0.1408
R5753,Data Analyst,0.479,0.137,0.8615
R5754,Data Analyst,0.6457,0.337,0.9685
R5755,Data Analyst,0.5294,0.2283,0.8939
R5756,Data Scientist,0.2996,0.2094,0.1306
R5757,Frontend Developer,0.3891,0.1824,0.4695
R5758,Software Engineer,0.2864,0.2091,0.1018
R5759,ML Engineer,0.512,0.1761,0.8955
R5760,ML Engineer,0.4977,0.1787,0.8692
R5761,ML Engineer,0.5875,0.2624,0.9477
R5762,Data Scientist,0.2346,0.0662,0.1085
R5763,Data Scientist,0.4778,0.1333,0.8616
R5764,ML Engineer,0.5468,0.2404,0.9129
R5765,ML Engineer,0.3636,0.298,0.1956
R5766,Data Analyst,0.6031,0.3092,0.9469
R5767,Data Analyst,0.5132,0.1795,0.8954
R5768,Data Scientist,0.3959,0.2925,0.3138
R5769,Frontend Developer,0.4311,0.1932,0.634
R5770,Backend Developer,0.48,0.1401,0.8614
R5771,Backend Developer,0.6989,0.3633,0.9846
R5772,Backend Developer,0.6191,0.3145,0.9576
R5773,Data Analyst,0.6839,0.3718,0.9793
R5774,Data Scientist,0.4317,0.27,0.5179
R5775,ML Engineer,0.5498,0.2995,0.8729
R5776,Data Analyst,0.3907,0.0971,0.6296
R5777,ML Engineer,0.4766,0.1799,0.8117
R5778,ML Engineer,0.4404,0.171,0.7025
R5779,Data Analyst,0.4285,0.0854,0.7842
R5780,ML Engineer,0.2861,0.2082,0.1019
R5781,Frontend Developer,0.4297,0.0892,0.784
R5782,Data Analyst,0.4817,0.1307,0.8709
R5783,Data Analyst,0.3238,0.0713,0.3729
R5784,ML Engineer,0.3573,0.0593,0.541
R5785,Data Scientist,0.6137,0.341,0.9464
R5786,Data Scientist,0.517,0.2726,0.8306
R5787,Data Analyst,0.2194,0.0581,0.0887
R5788,Backend Developer,0.5047,0.154,0.8961
R5789,Backend Developer,0.496,0.1736,0.8694
R5790,Software Engineer,0.4188,0.0565,0.7857
R5791,Frontend Developer,0.547,0.3361,0.8323
R5792,Software Engineer,0.3002,0.0757,0.2739
R5793,Software Engineer,0.504,0.152,0.8962
R5794,ML Engineer,0.4341,0.1022,0.7833
R5795,Data Analyst,0.6426,0.3279,0.9686
R5796,Data Scientist,0.4919,0.1422,0.882
R5797,ML Engineer,0.4363,0.1089,0.7829
R5798,Backend Developer,0.4153,0.1924,0.5633
R5799,ML Engineer,0.5448,0.206,0.9254
R5800,Data Analyst,0.603,0.3091,0.9469
R5801,Software Engineer,0.5446,0.2339,0.913
R5802,Software Engineer,0.5362,0.2085,0.9137
R5803,Backend Developer,0.4256,0.0767,0.7847
R5804,ML Engineer,0.4862,0.1443,0.8704
R5805,Data Analyst,0.4233,0.07,0.785
R5806,Frontend Developer,0.6138,0.3213,0.952
R5807,Frontend Developer,0.4976,0.1596,0.8814
R5808,Data Analyst,0.4955,0.1533,0.8816
R5809,ML Engineer,0.5664,0.2326,0.9382
R5810,Frontend Developer,0.333,0.2489,0.1631
R5811,Data Analyst,0.3966,0.2048,0.4677
R5812,Data Scientist,0.5182,0.1947,0.8949
R5813,Frontend Developer,0.4587,0.2511,0.6529
R5814,Backend Developer,0.4624,0.1772,0.7756
R5815,Frontend Developer,0.5638,0.4079,0.8055
R5816,Data Scientist,0.6126,0.295,0.9578
R5817,Data Scientist,0.5995,0.2785,0.9527
R5818,ML Engineer,0.4196,0.0589,0.7856
R5819,Data Analyst,0.5576,0.2441,0.9246
R5820,Backend Developer,0.6327,0.2982,0.9689
R5821,Data Scientist,0.4982,0.1345,0.8967
R5822,Data Scientist,0.613,0.2961,0.9578
R5823,Data Scientist,0.5609,0.2161,0.9385
R5824,ML Engineer,0.521,0.1629,0.9148
R5825,Frontend Developer,0.6029,0.3088,0.9469
R5826,Data Scientist,0.2819,0.1457,0.1476
R5827,ML Engineer,0.1646,0.0437,0.038
R5828,Software Engineer,0.5306,0.1917,0.9141
R5829,Data Scientist,0.6484,0.3453,0.9684
R5830,Data Analyst,0.3507,0.302,0.1608
R5831,Software Engineer,0.5322,0.1967,0.914
R5832,Backend Developer,0.5289,0.2937,0.8337
R5833,Frontend Developer,0.602,0.3061,0.947
R5834,Data Analyst,0.4841,0.1522,0.8609
R5835,ML Engineer,0.6273,0.2818,0.9691
R5836,Data Scientist,0.5515,0.2545,0.9125
R5837,Frontend Developer,0.3946,0.3339,0.2481
R5838,Backend Developer,0.4786,0.1215,0.8713
R5839,Software Engineer,0.5953,0.2658,0.9528
R5840,Backend Developer,0.5593,0.2111,0.9386
R5841,Backend Developer,0.646,0.338,0.9685
R5842,Backend Developer,0.4313,0.094,0.7837
R5843,Software Engineer,0.6168,0.3075,0.9577
R5844,ML Engineer,0.5086,0.2757,0.799
R5845,Data Analyst,0.4327,0.098,0.7835
R5846,Frontend Developer,0.5358,0.2075,0.9137
R5847,Software Engineer,0.3656,0.0467,0.5976
R5848,Software Engineer,0.7334,0.4001,0.9892
R5849,Frontend Developer,0.4994,0.165,0.8812
R5850,Software Engineer,0.429,0.0869,0.7841
R5851,Data Analyst,0.5545,0.2349,0.9248
R5852,Data Analyst,0.4884,0.1652,0.8604
R5853,Data Analyst,0.3995,0.1483,0.5775
R5854,Software Engineer,0.7697,0.4692,0.9911
R5855,Frontend Developer,0.3803,0.156,0.4716
R5856,Software Engineer,0.3614,0.1743,0.3605
R5857,Backend Developer,0.3432,0.0796,0.4453
R5858,Data Analyst,0.3834,0.1651,0.4709
R5859,Backend Developer,0.5463,0.2388,0.9129
R5860,Software Engineer,0.4768,0.116,0.8715
R5861,Data Analyst,0.5345,0.2034,0.9138
R5862,Software Engineer,0.5868,0.2405,0.9532
R5863,Data Scientist,0.4406,0.1218,0.7822
R5864,Data Scientist,0.777,0.4911,0.9911
R5865,Backend Developer,0.5096,0.1953,0.8802
R5866,Data Scientist,0.4634,0.3403,0.5373
R5867,Data Analyst,0.4156,0.0467,0.7863
R5868,Data Scientist,0.4908,0.1582,0.8699
R5869,Software Engineer,0.3806,0.2756,0.2878
R5870,Data Scientist,0.5774,0.2655,0.9376
R5871,Software Engineer,0.4302,0.0907,0.7839
R5872,Frontend Developer,0.5181,0.1943,0.8949
R5873,ML Engineer,0.3225,0.1924,0.1954
R5874,Software Engineer,0.5013,0.1897,0.8688
R5875,Backend Developer,0.4916,0.1416,0.882
R5876,ML Engineer,0.6279,0.2838,0.969
R5877,Software Engineer,0.3035,0.0856,0.2733
R5878,Software Engineer,0.6459,0.3377,0.9685
R5879,ML Engineer,0.4976,0.1786,0.8692
R5880,Software Engineer,0.6478,0.3434,0.9685
R5881,Frontend Developer,0.6128,0.3183,0.9521
R5882,Frontend Developer,0.4791,0.1229,0.8712
R5883,Data Analyst,0.5894,0.2682,0.9476
R5884,Data Scientist,0.4777,0.1332,0.8617
R5885,Backend Developer,0.3915,0.1494,0.5275
R5886,Software Engineer,0.5214,0.1642,0.9148
R5887,Software Engineer,0.5408,0.2224,0.9133
R5888,Software Engineer,0.6686,0.4057,0.9678
R5889,ML Engineer,0.4456,0.2082,0.6689
R5890,Data Scientist,0.4309,0.0928,0.7838
R5891,Backend Developer,0.4195,0.0584,0.7856
R5892,Data Scientist,0.5007,0.1421,0.8965
R5893,ML Engineer,0.5937,0.2812,0.9474
R5894,Backend Developer,0.5547,0.1975,0.9389
R5895,Frontend Developer,0.3811,0.0934,0.594
R5896,Software Engineer,0.6227,0.4181,0.92
R5897,Frontend Developer,0.5819,0.2456,0.9479
R5898,Software Engineer,0.6956,0.3533,0.9846
R5899,Data Analyst,0.7007,0.3686,0.9846
R5900,Data Analyst,0.5166,0.2798,0.816
R5901,ML Engineer,0.2561,0.1582,0.0845
R5902,Data Scientist,0.4444,0.1332,0.7816
R5903,ML Engineer,0.2861,0.2083,0.1018
R5904,Data Scientist,0.3524,0.107,0.4431
R5905,ML Engineer,0.5686,0.2772,0.9238
R5906,Data Analyst,0.1678,0.0533,0.0378
R5907,Data Scientist,0.5524,0.2571,0.9124
R5908,Data Analyst,0.5063,0.4013,0.61
R5909,ML Engineer,0.482,0.1127,0.8829
R5910,Backend Developer,0.6401,0.3203,0.9687
R5911,Backend Developer,0.3427,0.1905,0.2617
R5912,ML Engineer,0.3596,0.1687,0.3609
R5913,Software Engineer,0.3598,0.1544,0.3904
R5914,Data Analyst,0.444,0.132,0.7817
R5915,Data Scientist,0.5439,0.2033,0.9255
R5916,Data Analyst,0.1932,0.1297,0.037
R5917,Backend Developer,0.5781,0.2344,0.9481
R5918,Data Analyst,0.5363,0.2089,0.9137
R5919,Software Engineer,0.6077,0.433,0.8812
R5920,Data Analyst,0.6512,0.3536,0.9684
R5921,Frontend Developer,0.5439,0.2032,0.9255
R5922,Software Engineer,0.4515,0.1462,0.7779
R5923,Software Engineer,0.5481,0.2159,0.9252
R5924,Data Analyst,0.5204,0.228,0.8791
R5925,Backend Developer,0.3108,0.1074,0.2719
R5926,Frontend Developer,0.7008,0.3691,0.9846
R5927,Data Scientist,0.6363,0.3088,0.9688
R5928,Data Analyst,0.5364,0.2091,0.9136
R5929,Backend Developer,0.4264,0.0793,0.7845
R5930,Data Scientist,0.5757,0.2605,0.9377
R5931,Data Scientist,0.5899,0.303,0.9369
R5932,Data Analyst,0.6072,0.2787,0.9581
R5933,Data Analyst,0.4389,0.1168,0.7825
R5934,Frontend Developer,0.2894,0.1898,0.1179
R5935,ML Engineer,0.5718,0.2487,0.9379
R5936,Data Analyst,0.3132,0.2228,0.1404
R5937,Data Scientist,0.4375,0.1124,0.7827
R5938,Data Scientist,0.4111,0.2084,0.5228
R5939,ML Engineer,0.5688,0.2398,0.9381
R5940,Data Analyst,0.2299,0.1255,0.0675
R5941,Software Engineer,0.5164,0.1892,0.8951
R5942,ML Engineer,0.5519,0.1892,0.939
R5943,ML Engineer,0.3725,0.2134,0.3373
R5944,ML Engineer,0.2375,0.0751,0.1083
R5945,Data Scientist,0.7134,0.407,0.9844
R5946,ML Engineer,0.4424,0.2898,0.5099
R5947,Data Scientist,0.7761,0.4884,0.9911
R5948,Data Scientist,0.6924,0.3438,0.9847
R5949,Frontend Developer,0.7092,0.3944,0.9844
R5950,Data Scientist,0.6854,0.3761,0.9793
R5951,Data Analyst,0.3124,0.1854,0.1809
R5952,Frontend Developer,0.2216,0.0648,0.0885
R5953,Data Scientist,0.4823,0.1968,0.8109
R5954,Data Analyst,0.4907,0.1387,0.8821
R5955,Backend Developer,0.5685,0.2388,0.9381
R5956,Software Engineer,0.4208,0.0623,0.7854
R5957,Data Scientist,0.5697,0.2424,0.9381
R5958,Software Engineer,0.4242,0.0727,0.7849
R5959,Frontend Developer,0.6279,0.2838,0.969
R5960,Frontend Developer,0.6248,0.2745,0.9691
R5961,Frontend Developer,0.6856,0.3769,0.9793
R5962,Data Analyst,0.4261,0.0784,0.7846
R5963,ML Engineer,0.5568,0.2038,0.9388
R5964,Frontend Developer,0.5187,0.156,0.915
R5965,Backend Developer,0.5925,0.2574,0.953
R5966,Data Analyst,0.3999,0.1353,0.5977
R5967,Backend Developer,0.5701,0.2438,0.938
R5968,Data Scientist,0.5858,0.2575,0.9477
R5969,Frontend Developer,0.4195,0.0586,0.7856
R5970,Frontend Developer,0.6016,0.2849,0.9526
R5971,Data Scientist,0.4287,0.086,0.7841
R5972,ML Engineer,0.4828,0.2485,0.7477
R5973,Backend Developer,0.4279,0.0837,0.7843
R5974,Backend Developer,0.3896,0.1186,0.5798
R5975,Frontend Developer,0.5708,0.2458,0.938
R5976,ML Engineer,0.5927,0.2581,0.9529
R5977,Backend Developer,0.599,0.2771,0.9527
R5978,ML Engineer,0.6056,0.3169,0.9468
R5979,Data Analyst,0.5232,0.2361,0.8788
R5980,ML Engineer,0.5003,0.1675,0.8811
R5981,Data Analyst,0.2423,0.0893,0.1078
R5982,Software Engineer,0.4789,0.2201,0.7708
R5983,Data Scientist,0.5642,0.2259,0.9384
R5984,Frontend Developer,0.6012,0.3037,0.947
R5985,Software Engineer,0.5534,0.2315,0.9248
R5986,Software Engineer,0.3545,0.2706,0.197
R5987,ML Engineer,0.6082,0.3045,0.9523
R5988,Data Scientist,0.5309,0.4357,0.6654
R5989,Frontend Developer,0.6296,0.2888,0.969
R5990,Software Engineer,0.5555,0.2379,0.9247
R5991,Data Scientist,0.7475,0.4425,0.989
R5992,ML Engineer,0.3914,0.2077,0.4267
R5993,Data Scientist,0.6328,0.2983,0.9689
R5994,Backend Developer,0.5597,0.2126,0.9386
R5995,Frontend Developer,0.5526,0.2579,0.9124
R5996,Data Analyst,0.4886,0.2159,0.8099
R5997,Software Engineer,0.4956,0.1535,0.8816
R5998,Data Scientist,0.6521,0.3563,0.9683
R5999,Data Analyst,0.6592,0.3777,0.9681
